-- phpMyAdmin SQL Dump
-- version 5.1.1
-- https://www.phpmyadmin.net/
--
-- Host: 127.0.0.1
-- Tempo de geração: 06-Set-2022 às 22:23
-- Versão do servidor: 10.4.21-MariaDB
-- versão do PHP: 8.0.10

SET SQL_MODE = "NO_AUTO_VALUE_ON_ZERO";
START TRANSACTION;
SET time_zone = "+00:00";


/*!40101 SET @OLD_CHARACTER_SET_CLIENT=@@CHARACTER_SET_CLIENT */;
/*!40101 SET @OLD_CHARACTER_SET_RESULTS=@@CHARACTER_SET_RESULTS */;
/*!40101 SET @OLD_COLLATION_CONNECTION=@@COLLATION_CONNECTION */;
/*!40101 SET NAMES utf8mb4 */;

--
-- Banco de dados: `loja`
--

-- --------------------------------------------------------

--
-- Estrutura da tabela `alertas`
--

CREATE TABLE `alertas` (
  `id` int(11) NOT NULL,
  `titulo_alerta` varchar(35) NOT NULL,
  `titulo_mensagem` varchar(100) NOT NULL,
  `mensagem` text DEFAULT NULL,
  `link` varchar(100) DEFAULT NULL,
  `imagem` varchar(100) NOT NULL,
  `data_final` date NOT NULL,
  `ativo` varchar(5) NOT NULL
) ENGINE=InnoDB DEFAULT CHARSET=utf8;

--
-- Extraindo dados da tabela `alertas`
--

INSERT INTO `alertas` (`id`, `titulo_alerta`, `titulo_mensagem`, `mensagem`, `link`, `imagem`, `data_final`, `ativo`) VALUES
(1, 'vaifijfigaisgakgslgsddddddddddddddd', 'ds', 'dadada vaifijfigaisgakgslgsddddddddddddddddddddddddddddddddddddddddddddddddddddddddd222222222222222222222222222222222222222222222dadada vaifijfigaisgakgslgsddddddddddddddddddddddddddddddddddddddddddddddddddddddddd222222222222222222222222222222222222222222222dadada vaifijfigaisgakgslgsddddddddddddddddddddddddddddddddddddddddddddddddddddddddd222222222222222222222222222222222222222222222dadada vaifijfigaisgakgslgsddddddddddddddddddddddddddddddddddddddddddddddddddddddddd222222222222222222222222222222222222222222222dadada vaifijfigaisgakgslgsddddddddddddddddddddddddddddddddddddddddddddddddddddddddd222222222222222222222222222222222222222222222dadada vaifijfigaisgakgslgsddddddddddddddddddddddddddddddddddddddddddddddddddddddddd222222222222222222222222222222222222222222222fsfsffdadada vaifijfigaisgakgslgsddddddddddddddddddddddddddddddddddddddddddddddddddddddddd222222222222222222222222222222222222222222222dadada vaifijfigaisgakgslgsddddddddddddddddddddddddddddddddddddddddddddddddddddddddd2222222', 'sbt.com.br', 'banner-1.jpg', '2022-08-26', 'Não'),
(3, 'arqrq', 'arqrq', 'ddddddddddddddddddddddddddddddddddddddddddddddddddddddddddddddddddddddddddddddddddddddddddddddddddddddddaaaaaaaaaddddddddddddddddddddddddddddddddddddddddddddddddddddddddddddddddddddddddddddddddddddddddddddddddddddddddaaaaaaaaaddddddddddddddddddddddddddddddddddddddddddddddddddddddddddddddddddddddddddddddddddddddddddddddddddddddddaaaaaaaaaddddddddddddddddddddddddddddddddddddddddddddddddddddddddddddddddddddddddddddddddddddddddddddddddddddddddaaaaaaaaaddddddddddddddddddddddddddddddddddddddddddddddddddddddddddddddddddddddddddddddddddddddddddddddddddddddddaaaaaaaaaddddddddddddddddddddddddddddddddddddddddddddddddddddddddddddddddddddddddddddddddddddddddddddddddddddddddaaaaaaaaaddddddddddddddddddddddddddddddddddddddddddddddddddddddddddddddddddddddddddddddddddddddddddddddddddddddddaaaaaaaaaddddddddddddddddddddddddddddddddddddddddddddddddddddddddddddddddddddddddddddddddddddddddddddddddddddddddaaaaaaaaaddddddddddddddddddddddddddddddddddddddddddddddddddddddddddddddddddddddddddddddddddddddddddddddddddddddddaaaaaaaaaddddddddddddddddddddddddddddddddddddddddddddddddddddddddddddddddddddddddddddddddddddddddddddddddddddddddaaaaaaaaaddddddddddddddddddddddddddddddddddddddddddddddddddddddddddddddddddddddddddddddddddddddddddddddddddddddddaaaaaaaaaddddddddddddddddddddddddddddddddddddddddddddddddddddddddddddddddddddddddddddddddddddddddddddddddddddddddaaaaaaaaaddddddddddddddddddddddddddddddddddddddddddddddddddddddddddddddddddddddddddddddddddddddddddddddddddddddddaaaaaaaaaddddddddddddddddddddddddddddddddddddddddddddddddddddddddddddddddddddddddddddddddddddddddddddddddddddddddaaaaaaaaaddddddddddddddddddddddddddddddddddddddddddddddddddddddddddddddddddddddddddddddddddddddddddddddddddddddddaaaaaaaaaddddddddddddddddddddddddddddddddddddddddddddddddddddddddddddddddddddddddddddddddddddddddddddddddddddddddaaaaaaaaaddddddddddddddddddddddddddddddddddddddddddddddddddddddddddddddddddddddddddddddddddddddddddddddddddddddddaaaaaaaaaddddddddddddddddddddddddddddddddddddddddddddddddddddddddddddddddddddddddddddddddddddddddddddddddddddddddaaaaaaaaaddddddddddddddddddddddddddddddddddddddddddddddddddddddddddddddddddddddddddddddddddddddddddddddddddddddddaaaaaaaaaddddddddddddddddddddddddddddddddddddddddddddddddddddddddddddddddddddddddddddddddddddddddddddddddddddddddaaaaaaaaaddddddddddddddddddddddddddddddddddddddddddddddddddddddddddddddddddddddddddddddddddddddddddddddddddddddddaaaaaaaaaddddddddddddddddddddddddddddddddddddddddddddddddddddddddddddddddddddddddddddddddddddddddddddddddddddddddaaaaaaaaaddddddddddddddddddddddddddddddddddddddddddddddddddddddddddddddddddddddddddddddddddddddddddddddddddddddddaaaaaaaaaddddddddddddddddddddddddddddddddddddddddddddddddddddddddddddddddddddddddddddddddddddddddddddddddddddddddaaaaaaaaaddddddddddddddddddddddddddddddddddddddddddddddddddddddddddddddddddddddddddddddddddddddddddddddddddddddddaaaaaaaaaddddddddddddddddddddddddddddddddddddddddddddddddddddddddddddddddddddddddddddddddddddddddddddddddddddddddaaaaaaaaaddddddddddddddddddddddddddddddddddddddddddddddddddddddddddddddddddddddddddddddddddddddddddddddddddddddddaaaaaaaaaddddddddddddddddddddddddddddddddddddddddddddddddddddddddddddddddddddddddddddddddddddddddddddddddddddddddaaaaaaaaaddddddddddddddddddddddddddddddddddddddddddddddddddddddddddddddddddddddddddddddddddddddddddddddddddddddddaaaaaaaaaddddddddddddddddddddddddddddddddddddddddddddddddddddddddddddddddddddddddddddddddddddddddddddddddddddddddaaaaaaaaaddddddddddddddddddddddddddddddddddddddddddddddddddddddddddddddddddddddddddddddddddddddddddddddddddddddddaaaaaaaaaddddddddddddddddddddddddddddddddddddddddddddddddddddddddddddddddddddddddddddddddddddddddddddddddddddddddaaaaaaaaaddddddddddddddddddddddddddddddddddddddddddddddddddddddddddddddddddddddddddddddddddddddddddddddddddddddddaaaaaaaaaddddddddddddddddddddddddddddddddddddddddddddddddddddddddddddddddddddddddddddddddddddddddddddddddddddddddaaaaaaaaaddddddddddddddddddddddddddddddddddddddddddddddddddddddddddddddddddddddddddddddddddddddddddddddddddddddddaaaaaaaaaddddddddddddddddddddddddddddddddddddddddddddddddddddddddddddddddddddddddddddddddddddddddddddddddddddddddaaaaaaaaaddddddddddddddddddddddddddddddddddddddddddddddddddddddddddddddddddddddddddddddddddddddddddddddddddddddddaaaaaaaaaddddddddddddddddddddddddddddddddddddddddddddddddddddddddddddddddddddddddddddddddddddddddddddddddddddddddaaaaaaaaaddddddddddddddddddddddddddddddddddddddddddddddddddddddddddddddddddddddddddddddddddddddddddddddddddddddddaaaaaaaaaddddddddddddddddddddddddddddddddddddddddddddddddddddddddddddddddddddddddddddddddddddddddddddddddddddddddaaaaaaaaaddddddddddddddddddddddddddddddddddddddddddddddddddddddddddddddddddddddddddddddddddddddddddddddddddddddddaaaaaaaaaddddddddddddddddddddddddddddddddddddddddddddddddddddddddddddddddddddddddddddddddddddddddddddddddddddddddaaaaaaaaaddddddddddddddddddddddddddddddddddddddddddddddddddddddddddddddddddddddddddddddddddddddddddddddddddddddddaaaaaaaaaddddddddddddddddddddddddddddddddddddddddddddddddddddddddddddddddddddddddddddddddddddddddddddddddddddddddaaaaaaaaaddddddddddddddddddddddddddddddddddddddddddddddddddddddddddddddddddddddddddddddddddddddddddddddddddddddddaaaaaaaaaddddddddddddddddddddddddddddddddddddddddddddddddddddddddddddddddddddddddddddddddddddddddddddddddddddddddaaaaaaaaaddddddddddddddddddddddddddddddddddddddddddddddddddddddddddddddddddddddddddddddddddddddddddddddddddddddddaaaaaaaaaddddddddddddddddddddddddddddddddddddddddddddddddddddddddddddddddddddddddddddddddddddddddddddddddddddddddaaaaaaaaaddddddddddddddddddddddddddddddddddddddddddddddddddddddddddddddddddddddddddddddddddddddddddddddddddddddddaaaaaaaaaddddddddddddddddddddddddddddddddddddddddddddddddddddddddddddddddddddddddddddddddddddddddddddddddddddddddaaaaaaaaaddddddddddddddddddddddddddddddddddddddddddddddddddddddddddddddddddddddddddddddddddddddddddddddddddddddddaaaaaaaaaddddddddddddddddddddddddddddddddddddddddddddddddddddddddddddddddddddddddddddddddddddddddddddddddddddddddaaaaaaaaaddddddddddddddddddddddddddddddddddddddddddddddddddddddddddddddddddddddddddddddddddddddddddddddddddddddddaaaaaaaaaddddddddddddddddddddddddddddddddddddddddddddddddddddddddddddddddddddddddddddddddddddddddddddddddddddddddaaaaaaaaaddddddddddddddddddddddddddddddddddddddddddddddddddddddddddddddddddddddddddddddddddddddddddddddddddddddddaaaaaaaaaddddddddddddddddddddddddddddddddddddddddddddddddddddddddddddddddddddddddddddddddddddddddddddddddddddddddaaaaaaaaaddddddddddddddddddddddddddddddddddddddddddddddddddddddddddddddddddddddddddddddddddddddddddddddddddddddddaaaaaaaaaddddddddddddddddddddddddddddddddddddddddddddddddddddddddddddddddddddddddddddddddddddddddddddddddddddddddaaaaaaaaaddddddddddddddddddddddddddddddddddddddddddddddddddddddddddddddddddddddddddddddddddddddddddddddddddddddddaaaaaaaaaddddddddddddddddddddddddddddddddddddddddddddddddddddddddddddddddddddddddddddddddddddddddddddddddddddddddaaaaaaaaaddddddddddddddddddddddddddddddddddddddddddddddddddddddddddddddddddddddddddddddddddddddddddddddddddddddddaaaaaaaaaddddddddddddddddddddddddddddddddddddddddddddddddddddddddddddddddddddddddddddddddddddddddddddddddddddddddaaaaaaaaaddddddddddddddddddddddddddddddddddddddddddddddddddddddddddddddddddddddddddddddddddddddddddddddddddddddddaaaaaaaaaddddddddddddddddddddddddddddddddddddddddddddddddddddddddddddddddddddddddddddddddddddddddddddddddddddddddaaaaaaaaaddddddddddddddddddddddddddddddddddddddddddddddddddddddddddddddddddddddddddddddddddddddddddddddddddddddddaaaaaaaaaddddddddddddddddddddddddddddddddddddddddddddddddddddddddddddddddddddddddddddddddddddddddddddddddddddddddaaaaaaaaaddddddddddddddddddddddddddddddddddddddddddddddddddddddddddddddddddddddddddddddddddddddddddddddddddddddddaaaaaaaaaddddddddddddddddddddddddddddddddddddddddddddddddddddddddddddddddddddddddddddddddddddddddddddddddddddddddaaaaaaaaaddddddddddddddddddddddddddddddddddddddddddddddddddddddddddddddddddddddddddddddddddddddddddddddddddddddddaaaaaaaaaddddddddddddddddddddddddddddddddddddddddddddddddddddddddddddddddddddddddddddddddddddddddddddddddddddddddaaaaaaaaaddddddddddddddddddddddddddddddddddddddddddddddddddddddddddddddddddddddddddddddddddddddddddddddddddddddddaaaaaaaaaddddddddddddddddddddddddddddddddddddddddddddddddddddddddddddddddddddddddddddddddddddddddddddddddddddddddaaaaaaaaaddddddddddddddddddddddddddddddddddddddddddddddddddddddddddddddddddddddddddddddddddddddddddddddddddddddddaaaaaaaaaddddddddddddddddddddddddddddddddddddddddddddddddddddddddddddddddddddddddddddddddddddddddddddddddddddddddaaaaaaaaaddddddddddddddddddddddddddddddddddddddddddddddddddddddddddddddddddddddddddddddddddddddddddddddddddddddddaaaaaaaaaddddddddddddddddddddddddddddddddddddddddddddddddddddddddddddddddddddddddddddddddddddddddddddddddddddddddaaaaaaaaaddddddddddddddddddddddddddddddddddddddddddddddddddddddddddddddddddddddddddddddddddddddddddddddddddddddddaaaaaaaaaddddddddddddddddddddddddddddddddddddddddddddddddddddddddddddddddddddddddddddddddddddddddddddddddddddddddaaaaaaaaaddddddddddddddddddddddddddddddddddddddddddddddddddddddddddddddddddddddddddddddddddddddddddddddddddddddddaaaaaaaaaddddddddddddddddddddddddddddddddddddddddddddddddddddddddddddddddddddddddddddddddddddddddddddddddddddddddaaaaaaaaaddddddddddddddddddddddddddddddddddddddddddddddddddddddddddddddddddddddddddddddddddddddddddddddddddddddddaaaaaaaaaddddddddddddddddddddddddddddddddddddddddddddddddddddddddddddddddddddddddddddddddddddddddddddddddddddddddaaaaaaaaaddddddddddddddddddddddddddddddddddddddddddddddddddddddddddddddddddddddddddddddddddddddddddddddddddddddddaaaaaaaaaddddddddddddddddddddddddddddddddddddddddddddddddddddddddddddddddddddddddddddddddddddddddddddddddddddddddaaaaaaaaaddddddddddddddddddddddddddddddddddddddddddddddddddddddddddddddddddddddddddddddddddddddddddddddddddddddddaaaaaaaaaddddddddddddddddddddddddddddddddddddddddddddddddddddddddddddddddddddddddddddddddddddddddddddddddddddddddaaaaaaaaaddddddddddddddddddddddddddddddddddddddddddddddddddddddddddddddddddddddddddddddddddddddddddddddddddddddddaaaaaaaaaddddddddddddddddddddddddddddddddddddddddddddddddddddddddddddddddddddddddddddddddddddddddddddddddddddddddaaaaaaaaaddddddddddddddddddddddddddddddddddddddddddddddddddddddddddddddddddddddddddddddddddddddddddddddddddddddddaaaaaaaaaddddddddddddddddddddddddddddddddddddddddddddddddddddddddddddddddddddddddddddddddddddddddddddddddddddddddaaaaaaaaaddddddddddddddddddddddddddddddddddddddddddddddddddddddddddddddddddddddddddddddddddddddddddddddddddddddddaaaaaaaaaddddddddddddddddddddddddddddddddddddddddddddddddddddddddddddddddddddddddddddddddddddddddddddddddddddddddaaaaaaaaaddddddddddddddddddddddddddddddddddddddddddddddddddddddddddddddddddddddddddddddddddddddddddddddddddddddddaaaaaaaaaddddddddddddddddddddddddddddddddddddddddddddddddddddddddddddddddddddddddddddddddddddddddddddddddddddddddaaaaaaaaaddddddddddddddddddddddddddddddddddddddddddddddddddddddddddddddddddddddddddddddddddddddddddddddddddddddddaaaaaaaaaddddddddddddddddddddddddddddddddddddddddddddddddddddddddddddddddddddddddddddddddddddddddddddddddddddddddaaaaaaaaaddddddddddddddddddddddddddddddddddddddddddddddddddddddddddddddddddddddddddddddddddddddddddddddddddddddddaaaaaaaaaddddddddddddddddddddddddddddddddddddddddddddddddddddddddddddddddddddddddddddddddddddddddddddddddddddddddaaaaaaaaaddddddddddddddddddddddddddddddddddddddddddddddddddddddddddddddddddddddddddddddddddddddddddddddddddddddddaaaaaaaaaddddddddddddddddddddddddddddddddddddddddddddddddddddddddddddddddddddddddddddddddddddddddddddddddddddddddaaaaaaaaaddddddddddddddddddddddddddddddddddddddddddddddddddddddddddddddddddddddddddddddddddddddddddddddddddddddddaaaaaaaaaddddddddddddddddddddddddddddddddddddddddddddddddddddddddddddddddddddddddddddddddddddddddddddddddddddddddaaaaaaaaaddddddddddddddddddddddddddddddddddddddddddddddddddddddddddddddddddddddddddddddddddddddddddddddddddddddddaaaaaaaaaddddddddddddddddddddddddddddddddddddddddddddddddddddddddddddddddddddddddddddddddddddddddddddddddddddddddaaaaaaaaaddddddddddddddddddddddddddddddddddddddddddddddddddddddddddddddddddddddddddddddddddddddddddddddddddddddddaaaaaaaaaddddddddddddddddddddddddddddddddddddddddddddddddddddddddddddddddddddddddddddddddddddddddddddddddddddddddaaaaaaaaaddddddddddddddddddddddddddddddddddddddddddddddddddddddddddddddddddddddddddddddddddddddddddddddddddddddddaaaaaaaaaddddddddddddddddddddddddddddddddddddddddddddddddddddddddddddddddddddddddddddddddddddddddddddddddddddddddaaaaaaaaaddddddddddddddddddddddddddddddddddddddddddddddddddddddddddddddddddddddddddddddddddddddddddddddddddddddddaaaaaaaaaddddddddddddddddddddddddddddddddddddddddddddddddddddddddddddddddddddddddddddddddddddddddddddddddddddddddaaaaaaaaaddddddddddddddddddddddddddddddddddddddddddddddddddddddddddddddddddddddddddddddddddddddddddddddddddddddddaaaaaaaaaddddddddddddddddddddddddddddddddddddddddddddddddddddddddddddddddddddddddddddddddddddddddddddddddddddddddaaaaaaaaaddddddddddddddddddddddddddddddddddddddddddddddddddddddddddddddddddddddddddddddddddddddddddddddddddddddddaaaaaaaaaddddddddddddddddddddddddddddddddddddddddddddddddddddddddddddddddddddddddddddddddddddddddddddddddddddddddaaaaaaaaaddddddddddddddddddddddddddddddddddddddddddddddddddddddddddddddddddddddddddddddddddddddddddddddddddddddddaaaaaaaaaddddddddddddddddddddddddddddddddddddddddddddddddddddddddddddddddddddddddddddddddddddddddddddddddddddddddaaaaaaaaaddddddddddddddddddddddddddddddddddddddddddddddddddddddddddddddddddddddddddddddddddddddddddddddddddddddddaaaaaaaaaddddddddddddddddddddddddddddddddddddddddddddddddddddddddddddddddddddddddddddddddddddddddddddddddddddddddaaaaaaaaaddddddddddddddddddddddddddddddddddddddddddddddddddddddddddddddddddddddddddddddddddddddddddddddddddddddddaaaaaaaaaddddddddddddddddddddddddddddddddddddddddddddddddddddddddddddddddddddddddddddddddddddddddddddddddddddddddaaaaaaaaaddddddddddddddddddddddddddddddddddddddddddddddddddddddddddddddddddddddddddddddddddddddddddddddddddddddddaaaaaaaaaddddddddddddddddddddddddddddddddddddddddddddddddddddddddddddddddddddddddddddddddddddddddddddddddddddddddaaaaaaaaaddddddddddddddddddddddddddddddddddddddddddddddddddddddddddddddddddddddddddddddddddddddddddddddddddddddddaaaaaaaaaddddddddddddddddddddddddddddddddddddddddddddddddddddddddddddddddddddddddddddddddddddddddddddddddddddddddaaaaaaaaaddddddddddddddddddddddddddddddddddddddddddddddddddddddddddddddddddddddddddddddddddddddddddddddddddddddddaaaaaaaaaddddddddddddddddddddddddddddddddddddddddddddddddddddddddddddddddddddddddddddddddddddddddddddddddddddddddaaaaaaaaaddddddddddddddddddddddddddddddddddddddddddddddddddddddddddddddddddddddddddddddddddddddddddddddddddddddddaaaaaaaaaddddddddddddddddddddddddddddddddddddddddddddddddddddddddddddddddddddddddddddddddddddddddddddddddddddddddaaaaaaaaaddddddddddddddddddddddddddddddddddddddddddddddddddddddddddddddddddddddddddddddddddddddddddddddddddddddddaaaaaaaaaddddddddddddddddddddddddddddddddddddddddddddddddddddddddddddddddddddddddddddddddddddddddddddddddddddddddaaaaaaaaaddddddddddddddddddddddddddddddddddddddddddddddddddddddddddddddddddddddddddddddddddddddddddddddddddddddddaaaaaaaaaddddddddddddddddddddddddddddddddddddddddddddddddddddddddddddddddddddddddddddddddddddddddddddddddddddddddaaaaaaaaaddddddddddddddddddddddddddddddddddddddddddddddddddddddddddddddddddddddddddddddddddddddddddddddddddddddddaaaaaaaaaddddddddddddddddddddddddddddddddddddddddddddddddddddddddddddddddddddddddddddddddddddddddddddddddddddddddaaaaaaaaaddddddddddddddddddddddddddddddddddddddddddddddddddddddddddddddddddddddddddddddddddddddddddddddddddddddddaaaaaaaaaddddddddddddddddddddddddddddddddddddddddddddddddddddddddddddddddddddddddddddddddddddddddddddddddddddddddaaaaaaaaaddddddddddddddddddddddddddddddddddddddddddddddddddddddddddddddddddddddddddddddddddddddddddddddddddddddddaaaaaaaaaddddddddddddddddddddddddddddddddddddddddddddddddddddddddddddddddddddddddddddddddddddddddddddddddddddddddaaaaaaaaaddddddddddddddddddddddddddddddddddddddddddddddddddddddddddddddddddddddddddddddddddddddddddddddddddddddddaaaaaaaaaddddddddddddddddddddddddddddddddddddddddddddddddddddddddddddddddddddddddddddddddddddddddddddddddddddddddaaaaaaaaaddddddddddddddddddddddddddddddddddddddddddddddddddddddddddddddddddddddddddddddddddddddddddddddddddddddddaaaaaaaaaddddddddddddddddddddddddddddddddddddddddddddddddddddddddddddddddddddddddddddddddddddddddddddddddddddddddaaaaaaaaaddddddddddddddddddddddddddddddddddddddddddddddddddddddddddddddddddddddddddddddddddddddddddddddddddddddddaaaaaaaaaddddddddddddddddddddddddddddddddddddddddddddddddddddddddddddddddddddddddddddddddddddddddddddddddddddddddaaaaaaaaaddddddddddddddddddddddddddddddddddddddddddddddddddddddddddddddddddddddddddddddddddddddddddddddddddddddddaaaaaaaaaddddddddddddddddddddddddddddddddddddddddddddddddddddddddddddddddddddddddddddddddddddddddddddddddddddddddaaaaaaaaaddddddddddddddddddddddddddddddddddddddddddddddddddddddddddddddddddddddddddddddddddddddddddddddddddddddddaaaaaaaaaddddddddddddddddddddddddddddddddddddddddddddddddddddddddddddddddddddddddddddddddddddddddddddddddddddddddaaaaaaaaaddddddddddddddddddddddddddddddddddddddddddddddddddddddddddddddddddddddddddddddddddddddddddddddddddddddddaaaaaaaaaddddddddddddddddddddddddddddddddddddddddddddddddddddddddddddddddddddddddddddddddddddddddddddddddddddddddaaaaaaaaaddddddddddddddddddddddddddddddddddddddddddddddddddddddddddddddddddddddddddddddddddddddddddddddddddddddddaaaaaaaaaddddddddddddddddddddddddddddddddddddddddddddddddddddddddddddddddddddddddddddddddddddddddddddddddddddddddaaaaaaaaaddddddddddddddddddddddddddddddddddddddddddddddddddddddddddddddddddddddddddddddddddddddddddddddddddddddddaaaaaaaaaddddddddddddddddddddddddddddddddddddddddddddddddddddddddddddddddddddddddddddddddddddddddddddddddddddddddaaaaaaaaaddddddddddddddddddddddddddddddddddddddddddddddddddddddddddddddddddddddddddddddddddddddddddddddddddddddddaaaaaaaaaddddddddddddddddddddddddddddddddddddddddddddddddddddddddddddddddddddddddddddddddddddddddddddddddddddddddaaaaaaaaaddddddddddddddddddddddddddddddddddddddddddddddddddddddddddddddddddddddddddddddddddddddddddddddddddddddddaaaaaaaaaddddddddddddddddddddddddddddddddddddddddddddddddddddddddddddddddddddddddddddddddddddddddddddddddddddddddaaaaaaaaaddddddddddddddddddddddddddddddddddddddddddddddddddddddddddddddddddddddddddddddddddddddddddddddddddddddddaaaaaaaaaddddddddddddddddddddddddddddddddddddddddddddddddddddddddddddddddddddddddddddddddddddddddddddddddddddddddaaaaaaaaaddddddddddddddddddddddddddddddddddddddddddddddddddddddddddddddddddddddddddddddddddddddddddddddddddddddddaaaaaaaaaddddddddddddddddddddddddddddddddddddddddddddddddddddddddddddddddddddddddddddddddddddddddddddddddddddddddaaaaaaaaaddddddddddddddddddddddddddddddddddddddddddddddddddddddddddddddddddddddddddddddddddddddddddddddddddddddddaaaaaaaaaddddddddddddddddddddddddddddddddddddddddddddddddddddddddddddddddddddddddddddddddddddddddddddddddddddddddaaaaaaaaaddddddddddddddddddddddddddddddddddddddddddddddddddddddddddddddddddddddddddddddddddddddddddddddddddddddddaaaaaaaaaddddddddddddddddddddddddddddddddddddddddddddddddddddddddddddddddddddddddddddddddddddddddddddddddddddddddaaaaaaaaaddddddddddddddddddddddddddddddddddddddddddddddddddddddddddddddddddddddddddddddddddddddddddddddddddddddddaaaaaaaaaddddddddddddddddddddddddddddddddddddddddddddddddddddddddddddddddddddddddddddddddddddddddddddddddddddddddaaaaaaaaaddddddddddddddddddddddddddddddddddddddddddddddddddddddddddddddddddddddddddddddddddddddddddddddddddddddddaaaaaaaaaddddddddddddddddddddddddddddddddddddddddddddddddddddddddddddddddddddddddddddddddddddddddddddddddddddddddaaaaaaaaaddddddddddddddddddddddddddddddddddddddddddddddddddddddddddddddddddddddddddddddddddddddddddddddddddddddddaaaaaaaaaddddddddddddddddddddddddddddddddddddddddddddddddddddddddddddddddddddddddddddddddddddddddddddddddddddddddaaaaaaaaaddddddddddddddddddddddddddddddddddddddddddddddddddddddddddddddddddddddddddddddddddddddddddddddddddddddddaaaaaaaaaddddddddddddddddddddddddddddddddddddddddddddddddddddddddddddddddddddddddddddddddddddddddddddddddddddddddaaaaaaaaaddddddddddddddddddddddddddddddddddddddddddddddddddddddddddddddddddddddddddddddddddddddddddddddddddddddddaaaaaaaaaddddddddddddddddddddddddddddddddddddddddddddddddddddddddddddddddddddddddddddddddddddddddddddddddddddddddaaaaaaaaaddddddddddddddddddddddddddddddddddddddddddddddddddddddddddddddddddddddddddddddddddddddddddddddddddddddddaaaaaaaaaddddddddddddddddddddddddddddddddddddddddddddddddddddddddddddddddddddddddddddddddddddddddddddddddddddddddaaaaaaaaaddddddddddddddddddddddddddddddddddddddddddddddddddddddddddddddddddddddddddddddddddddddddddddddddddddddddaaaaaaaaaddddddddddddddddddddddddddddddddddddddddddddddddddddddddddddddddddddddddddddddddddddddddddddddddddddddddaaaaaaaaaddddddddddddddddddddddddddddddddddddddddddddddddddddddddddddddddddddddddddddddddddddddddddddddddddddddddaaaaaaaaaddddddddddddddddddddddddddddddddddddddddddddddddddddddddddddddddddddddddddddddddddddddddddddddddddddddddaaaaaaaaaddddddddddddddddddddddddddddddddddddddddddddddddddddddddddddddddddddddddddddddddddddddddddddddddddddddddaaaaaaaaaddddddddddddddddddddddddddddddddddddddddddddddddddddddddddddddddddddddddddddddddddddddddddddddddddddddddaaaaaaaaaddddddddddddddddddddddddddddddddddddddddddddddddddddddddddddddddddddddddddddddddddddddddddddddddddddddddaaaaaaaaaddddddddddddddddddddddddddddddddddddddddddddddddddddddddddddddddddddddddddddddddddddddddddddddddddddddddaaaaaaaaaddddddddddddddddddddddddddddddddddddddddddddddddddddddddddddddddddddddddddddddddddddddddddddddddddddddddaaaaaaaaaddddddddddddddddddddddddddddddddddddddddddddddddddddddddddddddddddddddddddddddddddddddddddddddddddddddddaaaaaaaaaddddddddddddddddddddddddddddddddddddddddddddddddddddddddddddddddddddddddddddddddddddddddddddddddddddddddaaaaaaaaaddddddddddddddddddddddddddddddddddddddddddddddddddddddddddddddddddddddddddddddddddddddddddddddddddddddddaaaaaaaaaddddddddddddddddddddddddddddddddddddddddddddddddddddddddddddddddddddddddddddddddddddddddddddddddddddddddaaaaaaaaaddddddddddddddddddddddddddddddddddddddddddddddddddddddddddddddddddddddddddddddddddddddddddddddddddddddddaaaaaaaaaddddddddddddddddddddddddddddddddddddddddddddddddddddddddddddddddddddddddddddddddddddddddddddddddddddddddaaaaaaaaaddddddddddddddddddddddddddddddddddddddddddddddddddddddddddddddddddddddddddddddddddddddddddddddddddddddddaaaaaaaaaddddddddddddddddddddddddddddddddddddddddddddddddddddddddddddddddddddddddddddddddddddddddddddddddddddddddaaaaaaaaaddddddddddddddddddddddddddddddddddddddddddddddddddddddddddddddddddddddddddddddddddddddddddddddddddddddddaaaaaaaaaddddddddddddddddddddddddddddddddddddddddddddddddddddddddddddddddddddddddddddddddddddddddddddddddddddddddaaaaaaaaaddddddddddddddddddddddddddddddddddddddddddddddddddddddddddddddddddddddddddddddddddddddddddddddddddddddddaaaaaaaaaddddddddddddddddddddddddddddddddddddddddddddddddddddddddddddddddddddddddddddddddddddddddddddddddddddddddaaaaaaaaaddddddddddddddddddddddddddddddddddddddddddddddddddddddddddddddddddddddddddddddddddddddddddddddddddddddddaaaaaaaaa2222222222222222', '414141', 'sem-foto.jpg', '2022-08-19', 'Não');

-- --------------------------------------------------------

--
-- Estrutura da tabela `carac`
--

CREATE TABLE `carac` (
  `id` int(11) NOT NULL,
  `nome` varchar(50) NOT NULL
) ENGINE=InnoDB DEFAULT CHARSET=utf8;

--
-- Extraindo dados da tabela `carac`
--

INSERT INTO `carac` (`id`, `nome`) VALUES
(3, 'Cor'),
(4, 'Numeração'),
(7, 'Tamanho');

-- --------------------------------------------------------

--
-- Estrutura da tabela `carac_itens`
--

CREATE TABLE `carac_itens` (
  `id` int(11) NOT NULL,
  `id_carac_prod` int(11) NOT NULL,
  `nome_item` varchar(50) NOT NULL,
  `valor_item` varchar(50) DEFAULT NULL
) ENGINE=InnoDB DEFAULT CHARSET=utf8;

--
-- Extraindo dados da tabela `carac_itens`
--

INSERT INTO `carac_itens` (`id`, `id_carac_prod`, `nome_item`, `valor_item`) VALUES
(2, 28, 'branco', '#FFFFFF'),
(30, 28, 'azul', ''),
(31, 29, 'PMel', ''),
(32, 29, 'MMel', ''),
(33, 29, 'GMel', ''),
(34, 30, 'Tamanho1Mel', ''),
(35, 30, 'Tamanho2Mel', ''),
(37, 27, 'azul', '#0625bf'),
(38, 27, 'vermelho', '#ff0800'),
(39, 27, 'amarelo', '#ffe600'),
(40, 31, 'vermelho', '#de0202'),
(41, 31, 'roxo', '#7a018a'),
(42, 31, 'marrom', '#614505');

-- --------------------------------------------------------

--
-- Estrutura da tabela `carac_itens_carrinho`
--

CREATE TABLE `carac_itens_carrinho` (
  `id` int(11) NOT NULL,
  `id_carrinho` int(11) NOT NULL,
  `id_carac` int(11) NOT NULL,
  `nome_carac` varchar(35) NOT NULL,
  `nome_item` varchar(35) NOT NULL
) ENGINE=InnoDB DEFAULT CHARSET=utf8;

--
-- Extraindo dados da tabela `carac_itens_carrinho`
--

INSERT INTO `carac_itens_carrinho` (`id`, `id_carrinho`, `id_carac`, `nome_carac`, `nome_item`) VALUES
(115, 317, 7, 'Tamanho', 'Tamanho1Mel'),
(116, 317, 4, 'Numeração', 'PMel'),
(117, 317, 3, 'Cor', 'azul'),
(118, 321, 7, 'Tamanho', 'Tamanho1Mel'),
(119, 321, 4, 'Numeração', 'PMel'),
(120, 321, 3, 'Cor', 'vermelho'),
(121, 340, 0, '', ''),
(122, 340, 3, 'Cor', 'amarelo');

-- --------------------------------------------------------

--
-- Estrutura da tabela `carac_prod`
--

CREATE TABLE `carac_prod` (
  `id` int(11) NOT NULL,
  `id_carac` int(11) NOT NULL,
  `id_prod` int(11) NOT NULL
) ENGINE=InnoDB DEFAULT CHARSET=utf8;

--
-- Extraindo dados da tabela `carac_prod`
--

INSERT INTO `carac_prod` (`id`, `id_carac`, `id_prod`) VALUES
(27, 3, 2),
(28, 3, 3),
(29, 4, 2),
(30, 7, 2),
(31, 3, 6);

-- --------------------------------------------------------

--
-- Estrutura da tabela `carrinho`
--

CREATE TABLE `carrinho` (
  `id` int(11) NOT NULL,
  `id_usuario` int(11) NOT NULL,
  `id_produto` int(11) NOT NULL,
  `id_venda` int(11) NOT NULL,
  `quantidade` int(11) NOT NULL,
  `data` date NOT NULL,
  `combo` varchar(5) NOT NULL
) ENGINE=InnoDB DEFAULT CHARSET=utf8;

--
-- Extraindo dados da tabela `carrinho`
--

INSERT INTO `carrinho` (`id`, `id_usuario`, `id_produto`, `id_venda`, `quantidade`, `data`, `combo`) VALUES
(337, 18, 7, 5, 1, '2022-09-06', 'Sim'),
(338, 18, 13, 5, 1, '2022-09-06', 'Não'),
(339, 18, 2, 5, 1, '2022-09-06', 'Não'),
(340, 18, 2, 6, 1, '2022-09-06', 'Não'),
(341, 18, 13, 6, 1, '2022-09-06', 'Não'),
(345, 18, 2, 7, 1, '2022-09-06', 'Não'),
(346, 18, 13, 9, 1, '2022-09-06', 'Não'),
(347, 18, 2, 13, 1, '2022-09-06', 'Não'),
(348, 18, 2, 14, 1, '2022-09-06', 'Não'),
(349, 18, 2, 15, 1, '2022-09-06', 'Não'),
(350, 18, 7, 16, 1, '2022-09-06', 'Sim');

-- --------------------------------------------------------

--
-- Estrutura da tabela `categorias`
--

CREATE TABLE `categorias` (
  `id` int(11) NOT NULL,
  `nome` varchar(50) NOT NULL,
  `nome_url` varchar(50) NOT NULL,
  `imagem` varchar(150) NOT NULL
) ENGINE=InnoDB DEFAULT CHARSET=utf8;

--
-- Extraindo dados da tabela `categorias`
--

INSERT INTO `categorias` (`id`, `nome`, `nome_url`, `imagem`) VALUES
(1, 'categoria teste bica', 'categoria-teste-bica', 'pintinho-amarelinho.jpg'),
(3, 'galo-teste', 'galo-teste', 'sem-foto.jpg'),
(4, 'cerveja 2', 'cerveja-2', 'sem-foto.jpg'),
(8, 'doces coloridos da tia mafalda', 'doces-coloridos-da-tia-mafalda', 'sem-foto.jpg'),
(9, 'tetsfsf 2', 'tetsfsf-2', 'laranja-01.jpg');

-- --------------------------------------------------------

--
-- Estrutura da tabela `clientes`
--

CREATE TABLE `clientes` (
  `id` int(11) NOT NULL,
  `nome` varchar(55) NOT NULL,
  `cpf` varchar(20) NOT NULL,
  `email` varchar(55) NOT NULL,
  `telefone` varchar(20) DEFAULT NULL,
  `logradouro` varchar(75) DEFAULT NULL,
  `numero` varchar(20) DEFAULT NULL,
  `complemento` varchar(50) DEFAULT NULL,
  `bairro` varchar(50) DEFAULT NULL,
  `cidade` varchar(30) DEFAULT NULL,
  `estado` varchar(5) DEFAULT NULL,
  `cep` varchar(20) DEFAULT NULL,
  `pais` varchar(30) DEFAULT NULL,
  `cartoes` int(11) DEFAULT NULL
) ENGINE=InnoDB DEFAULT CHARSET=utf8;

--
-- Extraindo dados da tabela `clientes`
--

INSERT INTO `clientes` (`id`, `nome`, `cpf`, `email`, `telefone`, `logradouro`, `numero`, `complemento`, `bairro`, `cidade`, `estado`, `cep`, `pais`, `cartoes`) VALUES
(1, 'Adamastor Pereira Cacete da Porra', '919.191.991-14', 'pereira@gmail.com', '(41) 4141-4141', 'qualquer', '32', 'nonsense', 'seido', 'uma cidade', 'CE', '18015-000', NULL, NULL);

-- --------------------------------------------------------

--
-- Estrutura da tabela `combos`
--

CREATE TABLE `combos` (
  `id` int(11) NOT NULL,
  `nome` varchar(100) NOT NULL,
  `nome_url` varchar(50) NOT NULL,
  `descricao` varchar(1000) DEFAULT NULL,
  `descricao_longa` text DEFAULT NULL,
  `valor` decimal(8,2) NOT NULL,
  `imagem` varchar(100) NOT NULL,
  `tipo_envio` int(11) NOT NULL,
  `palavras` varchar(250) DEFAULT NULL,
  `ativo` varchar(5) NOT NULL,
  `peso` double(8,2) NOT NULL,
  `largura` double(8,2) NOT NULL,
  `altura` double(8,2) NOT NULL,
  `comprimento` double(8,2) NOT NULL,
  `valor_frete` decimal(8,2) DEFAULT NULL,
  `vendas` int(11) DEFAULT NULL
) ENGINE=InnoDB DEFAULT CHARSET=utf8;

--
-- Extraindo dados da tabela `combos`
--

INSERT INTO `combos` (`id`, `nome`, `nome_url`, `descricao`, `descricao_longa`, `valor`, `imagem`, `tipo_envio`, `palavras`, `ativo`, `peso`, `largura`, `altura`, `comprimento`, `valor_frete`, `vendas`) VALUES
(7, 'combo 5 camisas', 'combo-5-camisas', '', '', '32.00', 'curso-html-5-css-3.jpg', 1, '', 'Sim', 0.50, 0.00, 0.00, 0.00, '0.00', NULL),
(8, 'combo 5 calças', 'combo-5-calcas', '', '', '50.00', 'banner-teste.jpg', 1, '', 'Sim', 0.80, 0.00, 0.00, 0.00, '0.00', NULL);

-- --------------------------------------------------------

--
-- Estrutura da tabela `cupons`
--

CREATE TABLE `cupons` (
  `id` int(11) NOT NULL,
  `titulo` varchar(35) NOT NULL,
  `valor` decimal(8,2) NOT NULL,
  `codigo` varchar(35) NOT NULL,
  `data` date NOT NULL
) ENGINE=InnoDB DEFAULT CHARSET=utf8;

-- --------------------------------------------------------

--
-- Estrutura da tabela `emails`
--

CREATE TABLE `emails` (
  `id` int(11) NOT NULL,
  `nome` varchar(75) DEFAULT NULL,
  `email` varchar(75) NOT NULL,
  `ativo` varchar(5) NOT NULL
) ENGINE=InnoDB DEFAULT CHARSET=utf8;

--
-- Extraindo dados da tabela `emails`
--

INSERT INTO `emails` (`id`, `nome`, `email`, `ativo`) VALUES
(1, 'Marley Junior Aparecido', 'paiva.s2.paula@hotmail.com', 'Sim'),
(3, 'Marley Junior', 'admin@gmail.com', 'Não'),
(4, 'cadada', 'jj@gmail.com', 'Sim'),
(5, 'Marley Junior', 'ped@hotmail.com', 'Sim'),
(6, 'Marley Junior Aparecido', 'ped2@hotmail.com', 'Sim'),
(7, 'Miséria', 'ped3@hotmail.com', 'Sim'),
(8, 'aadadad', 'afafafa@mgail.com', 'Não'),
(9, 'Marcelo Madureira', 'madureira@gmail.com', 'Sim'),
(11, 'Mardoque', 'mardoqueu@gmail.com', 'Não'),
(12, 'Adamastor Pereira', 'pereira@gmail.com', 'Sim');

-- --------------------------------------------------------

--
-- Estrutura da tabela `imagens`
--

CREATE TABLE `imagens` (
  `id` int(11) NOT NULL,
  `id_produto` int(11) NOT NULL,
  `imagem` varchar(100) NOT NULL
) ENGINE=InnoDB DEFAULT CHARSET=utf8;

--
-- Extraindo dados da tabela `imagens`
--

INSERT INTO `imagens` (`id`, `id_produto`, `imagem`) VALUES
(4, 4, 'cat-1.jpg'),
(9, 2, '20220719_171856.jpg'),
(10, 2, '01.jpg');

-- --------------------------------------------------------

--
-- Estrutura da tabela `mensagens`
--

CREATE TABLE `mensagens` (
  `id` int(11) NOT NULL,
  `id_venda` int(11) NOT NULL,
  `mensagem` varchar(1000) NOT NULL,
  `lida` varchar(5) NOT NULL
) ENGINE=InnoDB DEFAULT CHARSET=utf8;

-- --------------------------------------------------------

--
-- Estrutura da tabela `produtos`
--

CREATE TABLE `produtos` (
  `id` int(11) NOT NULL,
  `id_categoria` int(11) NOT NULL,
  `id_subcategoria` int(11) NOT NULL,
  `nome` varchar(100) NOT NULL,
  `nome_url` varchar(100) NOT NULL,
  `descricao` varchar(1000) DEFAULT NULL,
  `descricao_longa` text DEFAULT NULL,
  `valor` decimal(10,2) NOT NULL,
  `imagem` varchar(100) NOT NULL,
  `estoque` int(11) DEFAULT NULL,
  `tipo_envio` int(11) NOT NULL,
  `palavras` varchar(250) DEFAULT NULL,
  `ativo` varchar(5) NOT NULL,
  `peso` double(8,2) DEFAULT NULL,
  `largura` int(11) DEFAULT NULL,
  `altura` int(11) DEFAULT NULL,
  `comprimento` int(11) DEFAULT NULL,
  `modelo` varchar(100) DEFAULT NULL,
  `valor_frete` decimal(8,2) DEFAULT NULL,
  `promocao` varchar(5) DEFAULT NULL,
  `vendas` int(11) DEFAULT NULL
) ENGINE=InnoDB DEFAULT CHARSET=utf8;

--
-- Extraindo dados da tabela `produtos`
--

INSERT INTO `produtos` (`id`, `id_categoria`, `id_subcategoria`, `nome`, `nome_url`, `descricao`, `descricao_longa`, `valor`, `imagem`, `estoque`, `tipo_envio`, `palavras`, `ativo`, `peso`, `largura`, `altura`, `comprimento`, `modelo`, `valor_frete`, `promocao`, `vendas`) VALUES
(2, 8, 6, 'Pão de Mel com Chocolate', 'pao-de-mel-com-chocolate', 'Descrição do Pão de Mel Com Chocolate', 'Comida de doce', '53.45', 'doces-coloridos.jpg', 45, 2, 'pão de mel doce, pão de mel gostoso, comprar pão de mel', 'Sim', 0.20, 32, 12, 24, 'doce', '32.00', 'Sim', 6),
(3, 8, 3, 'Pintinho de namquim do Grosso', 'pintinho-de-namquim-do-grosso', '', '', '23.99', 'sem-foto.jpg', 0, 1, '', 'Sim', 1.00, 0, 0, 0, '', '0.00', 'Sim', NULL),
(4, 1, 3, 'ffsfs', 'ffsfs', '', '', '100.00', 'sem-foto.jpg', 0, 1, '', 'Não', 0.00, 0, 0, 0, '', '0.00', 'Não', NULL),
(6, 9, 4, 'teste produto novo', 'teste-produto-novo', '', '', '49.00', 'sem-foto.jpg', 0, 1, '', 'Não', 0.00, 0, 0, 0, '', '0.00', 'Não', NULL),
(7, 9, 3, 'produto teste promoção', 'produto-teste-promocao', '', '', '99.99', 'sem-foto.jpg', 0, 1, '', 'Sim', 0.00, 0, 0, 0, '', '0.00', 'Não', NULL),
(8, 1, 3, 'x9', 'x9', '', '', '32.00', 'sem-foto.jpg', 0, 1, 'testando', 'Sim', 0.00, 0, 0, 0, '', '0.00', 'Não', NULL),
(9, 1, 3, 'x91', 'x91', '', '', '13.50', 'sem-foto.jpg', 0, 1, '', 'Sim', 0.00, 0, 0, 0, '', '0.00', 'Não', NULL),
(13, 1, 3, '424qrsfsfsfs', '424qrsfsfsfs', '', '', '42.00', 'buzanga.jpg', 0, 1, '', 'Sim', 0.50, 0, 0, 0, '', '0.00', 'Sim', 12),
(15, 1, 3, 'affafarrr5tet2242', 'affafarrr5tet2242', '', '', '67.00', 'sem-foto.jpg', 0, 1, '', 'Sim', 0.00, 0, 0, 0, '', '0.00', 'Não', 9),
(16, 1, 3, '4242', '4242', '', '', '13.00', 'sem-foto.jpg', 0, 1, '', 'Sim', 0.00, 0, 0, 0, '', '0.00', 'Não', NULL);

-- --------------------------------------------------------

--
-- Estrutura da tabela `prod_combos`
--

CREATE TABLE `prod_combos` (
  `id` int(11) NOT NULL,
  `id_produto` int(11) NOT NULL,
  `id_combo` int(11) NOT NULL
) ENGINE=InnoDB DEFAULT CHARSET=utf8;

--
-- Extraindo dados da tabela `prod_combos`
--

INSERT INTO `prod_combos` (`id`, `id_produto`, `id_combo`) VALUES
(32, 2, 8),
(33, 3, 8),
(34, 7, 7);

-- --------------------------------------------------------

--
-- Estrutura da tabela `promocoes`
--

CREATE TABLE `promocoes` (
  `id` int(11) NOT NULL,
  `id_produto` int(11) NOT NULL,
  `valor` decimal(8,2) NOT NULL,
  `data_inicio` date NOT NULL,
  `data_final` date NOT NULL,
  `ativo` varchar(5) NOT NULL,
  `desconto` varchar(5) NOT NULL
) ENGINE=InnoDB DEFAULT CHARSET=utf8;

--
-- Extraindo dados da tabela `promocoes`
--

INSERT INTO `promocoes` (`id`, `id_produto`, `valor`, `data_inicio`, `data_final`, `ativo`, `desconto`) VALUES
(31, 13, '21.00', '2022-08-23', '2022-08-23', 'Sim', '50'),
(32, 2, '37.42', '2022-08-24', '2022-08-24', 'Sim', '30'),
(33, 3, '21.59', '2022-08-24', '2022-08-24', 'Sim', '10'),
(34, 8, '19.20', '2022-08-25', '2022-08-25', 'Sim', '40');

-- --------------------------------------------------------

--
-- Estrutura da tabela `promocoes_banner`
--

CREATE TABLE `promocoes_banner` (
  `id` int(11) NOT NULL,
  `titulo` varchar(50) NOT NULL,
  `link` varchar(100) NOT NULL,
  `imagem` varchar(100) NOT NULL,
  `ativo` varchar(5) NOT NULL
) ENGINE=InnoDB DEFAULT CHARSET=utf8;

--
-- Extraindo dados da tabela `promocoes_banner`
--

INSERT INTO `promocoes_banner` (`id`, `titulo`, `link`, `imagem`, `ativo`) VALUES
(2, 'Cuzero Lindo', 'cruzeiro-lindo', 'banner-2.jpg', 'Sim'),
(4, 'Segunda Promoção', 'cuzero-porco', 'banner-1.jpg', 'Sim'),
(5, 'bolsecudo', 'cuzero-master', 'banner-promo.jpg', 'Não');

-- --------------------------------------------------------

--
-- Estrutura da tabela `subcategorias`
--

CREATE TABLE `subcategorias` (
  `id` int(11) NOT NULL,
  `nome` varchar(50) NOT NULL,
  `nome_url` varchar(50) NOT NULL,
  `imagem` varchar(150) NOT NULL,
  `id_categoria` int(11) NOT NULL
) ENGINE=InnoDB DEFAULT CHARSET=utf8;

--
-- Extraindo dados da tabela `subcategorias`
--

INSERT INTO `subcategorias` (`id`, `nome`, `nome_url`, `imagem`, `id_categoria`) VALUES
(1, 'tênis', 'tenis', 'cat-6.jpg', 2),
(2, 'tênis 2', 'tenis-2', 'cat-5.jpg', 8),
(3, 'dindu', 'dindu', 'sem-foto.jpg', 1),
(4, 'deido', 'deido', 'garrafa-de-cerveja-pequena-à-disposição-92840768.jpg', 8),
(6, 'bund', 'bund', 'sem-foto.jpg', 8);

-- --------------------------------------------------------

--
-- Estrutura da tabela `tipo_envios`
--

CREATE TABLE `tipo_envios` (
  `id` int(11) NOT NULL,
  `tipo` varchar(50) NOT NULL
) ENGINE=InnoDB DEFAULT CHARSET=utf8;

--
-- Extraindo dados da tabela `tipo_envios`
--

INSERT INTO `tipo_envios` (`id`, `tipo`) VALUES
(1, 'correios'),
(2, 'fixo'),
(3, 'sem frete'),
(4, 'digital');

-- --------------------------------------------------------

--
-- Estrutura da tabela `usuarios`
--

CREATE TABLE `usuarios` (
  `id` int(11) NOT NULL,
  `nome` varchar(75) NOT NULL,
  `cpf` varchar(20) NOT NULL,
  `email` varchar(50) NOT NULL,
  `senha` varchar(25) NOT NULL,
  `senha_crip` varchar(150) NOT NULL,
  `nivel` varchar(20) NOT NULL,
  `data_cad` date NOT NULL
) ENGINE=InnoDB DEFAULT CHARSET=utf8;

--
-- Extraindo dados da tabela `usuarios`
--

INSERT INTO `usuarios` (`id`, `nome`, `cpf`, `email`, `senha`, `senha_crip`, `nivel`, `data_cad`) VALUES
(6, 'Admin Novo', '000.000.000-00', 'danielantunespaiva@gmail.com', '123', '202cb962ac59075b964b07152d234b70', 'Administrador', '2022-08-08'),
(15, 'Marcelo Madureira', '103.931.093-10', 'madureira@gmail.com', '123', '202cb962ac59075b964b07152d234b70', 'Cliente', '2022-08-08'),
(16, 'Mardoque', '111.111.111-11', 'mardoqueu@gmail.com', '123', '202cb962ac59075b964b07152d234b70', 'Cliente', '2022-08-08'),
(18, 'Adamastor Pereira Cacete da Porra', '919.191.991-14', 'pereira@gmail.com', '123', '202cb962ac59075b964b07152d234b70', 'Cliente', '2022-08-08');

-- --------------------------------------------------------

--
-- Estrutura da tabela `vendas`
--

CREATE TABLE `vendas` (
  `id` int(11) NOT NULL,
  `total` decimal(8,2) NOT NULL,
  `frete` decimal(8,2) NOT NULL,
  `subtotal` decimal(8,2) NOT NULL,
  `id_usuario` int(11) NOT NULL,
  `data` date NOT NULL,
  `pago` varchar(5) NOT NULL
) ENGINE=InnoDB DEFAULT CHARSET=utf8;

--
-- Extraindo dados da tabela `vendas`
--

INSERT INTO `vendas` (`id`, `total`, `frete`, `subtotal`, `id_usuario`, `data`, `pago`) VALUES
(5, '0.00', '22.50', '0.00', 18, '2022-09-06', 'Não'),
(6, '0.00', '21.00', '0.00', 18, '2022-09-06', 'Não'),
(7, '69.00', '0.00', '0.00', 18, '2022-09-06', 'Não'),
(8, '0.00', '0.00', '0.00', 18, '2022-09-06', 'Não'),
(9, '0.00', '22.50', '0.00', 18, '2022-09-06', 'Não'),
(10, '0.00', '0.00', '0.00', 18, '2022-09-06', 'Não'),
(11, '0.00', '0.00', '0.00', 18, '2022-09-06', 'Não'),
(12, '0.00', '0.00', '0.00', 18, '2022-09-06', 'Não'),
(13, '69.00', '0.00', '0.00', 18, '2022-09-06', 'Não'),
(14, '69.00', '0.00', '0.00', 18, '2022-09-06', 'Não'),
(15, '69.00', '0.00', '0.00', 18, '2022-09-06', 'Não'),
(16, '0.00', '22.50', '0.00', 18, '2022-09-06', 'Não'),
(17, '0.00', '0.00', '0.00', 18, '2022-09-06', 'Não');

--
-- Índices para tabelas despejadas
--

--
-- Índices para tabela `alertas`
--
ALTER TABLE `alertas`
  ADD PRIMARY KEY (`id`);

--
-- Índices para tabela `carac`
--
ALTER TABLE `carac`
  ADD PRIMARY KEY (`id`);

--
-- Índices para tabela `carac_itens`
--
ALTER TABLE `carac_itens`
  ADD PRIMARY KEY (`id`);

--
-- Índices para tabela `carac_itens_carrinho`
--
ALTER TABLE `carac_itens_carrinho`
  ADD PRIMARY KEY (`id`);

--
-- Índices para tabela `carac_prod`
--
ALTER TABLE `carac_prod`
  ADD PRIMARY KEY (`id`);

--
-- Índices para tabela `carrinho`
--
ALTER TABLE `carrinho`
  ADD PRIMARY KEY (`id`);

--
-- Índices para tabela `categorias`
--
ALTER TABLE `categorias`
  ADD PRIMARY KEY (`id`);

--
-- Índices para tabela `clientes`
--
ALTER TABLE `clientes`
  ADD PRIMARY KEY (`id`);

--
-- Índices para tabela `combos`
--
ALTER TABLE `combos`
  ADD PRIMARY KEY (`id`);

--
-- Índices para tabela `cupons`
--
ALTER TABLE `cupons`
  ADD PRIMARY KEY (`id`);

--
-- Índices para tabela `emails`
--
ALTER TABLE `emails`
  ADD PRIMARY KEY (`id`);

--
-- Índices para tabela `imagens`
--
ALTER TABLE `imagens`
  ADD PRIMARY KEY (`id`);

--
-- Índices para tabela `mensagens`
--
ALTER TABLE `mensagens`
  ADD PRIMARY KEY (`id`);

--
-- Índices para tabela `produtos`
--
ALTER TABLE `produtos`
  ADD PRIMARY KEY (`id`);

--
-- Índices para tabela `prod_combos`
--
ALTER TABLE `prod_combos`
  ADD PRIMARY KEY (`id`);

--
-- Índices para tabela `promocoes`
--
ALTER TABLE `promocoes`
  ADD PRIMARY KEY (`id`);

--
-- Índices para tabela `promocoes_banner`
--
ALTER TABLE `promocoes_banner`
  ADD PRIMARY KEY (`id`);

--
-- Índices para tabela `subcategorias`
--
ALTER TABLE `subcategorias`
  ADD PRIMARY KEY (`id`);

--
-- Índices para tabela `tipo_envios`
--
ALTER TABLE `tipo_envios`
  ADD PRIMARY KEY (`id`);

--
-- Índices para tabela `usuarios`
--
ALTER TABLE `usuarios`
  ADD PRIMARY KEY (`id`);

--
-- Índices para tabela `vendas`
--
ALTER TABLE `vendas`
  ADD PRIMARY KEY (`id`);

--
-- AUTO_INCREMENT de tabelas despejadas
--

--
-- AUTO_INCREMENT de tabela `alertas`
--
ALTER TABLE `alertas`
  MODIFY `id` int(11) NOT NULL AUTO_INCREMENT, AUTO_INCREMENT=4;

--
-- AUTO_INCREMENT de tabela `carac`
--
ALTER TABLE `carac`
  MODIFY `id` int(11) NOT NULL AUTO_INCREMENT, AUTO_INCREMENT=8;

--
-- AUTO_INCREMENT de tabela `carac_itens`
--
ALTER TABLE `carac_itens`
  MODIFY `id` int(11) NOT NULL AUTO_INCREMENT, AUTO_INCREMENT=43;

--
-- AUTO_INCREMENT de tabela `carac_itens_carrinho`
--
ALTER TABLE `carac_itens_carrinho`
  MODIFY `id` int(11) NOT NULL AUTO_INCREMENT, AUTO_INCREMENT=123;

--
-- AUTO_INCREMENT de tabela `carac_prod`
--
ALTER TABLE `carac_prod`
  MODIFY `id` int(11) NOT NULL AUTO_INCREMENT, AUTO_INCREMENT=32;

--
-- AUTO_INCREMENT de tabela `carrinho`
--
ALTER TABLE `carrinho`
  MODIFY `id` int(11) NOT NULL AUTO_INCREMENT, AUTO_INCREMENT=351;

--
-- AUTO_INCREMENT de tabela `categorias`
--
ALTER TABLE `categorias`
  MODIFY `id` int(11) NOT NULL AUTO_INCREMENT, AUTO_INCREMENT=10;

--
-- AUTO_INCREMENT de tabela `clientes`
--
ALTER TABLE `clientes`
  MODIFY `id` int(11) NOT NULL AUTO_INCREMENT, AUTO_INCREMENT=2;

--
-- AUTO_INCREMENT de tabela `combos`
--
ALTER TABLE `combos`
  MODIFY `id` int(11) NOT NULL AUTO_INCREMENT, AUTO_INCREMENT=9;

--
-- AUTO_INCREMENT de tabela `cupons`
--
ALTER TABLE `cupons`
  MODIFY `id` int(11) NOT NULL AUTO_INCREMENT, AUTO_INCREMENT=6;

--
-- AUTO_INCREMENT de tabela `emails`
--
ALTER TABLE `emails`
  MODIFY `id` int(11) NOT NULL AUTO_INCREMENT, AUTO_INCREMENT=13;

--
-- AUTO_INCREMENT de tabela `imagens`
--
ALTER TABLE `imagens`
  MODIFY `id` int(11) NOT NULL AUTO_INCREMENT, AUTO_INCREMENT=11;

--
-- AUTO_INCREMENT de tabela `mensagens`
--
ALTER TABLE `mensagens`
  MODIFY `id` int(11) NOT NULL AUTO_INCREMENT, AUTO_INCREMENT=2;

--
-- AUTO_INCREMENT de tabela `produtos`
--
ALTER TABLE `produtos`
  MODIFY `id` int(11) NOT NULL AUTO_INCREMENT, AUTO_INCREMENT=17;

--
-- AUTO_INCREMENT de tabela `prod_combos`
--
ALTER TABLE `prod_combos`
  MODIFY `id` int(11) NOT NULL AUTO_INCREMENT, AUTO_INCREMENT=35;

--
-- AUTO_INCREMENT de tabela `promocoes`
--
ALTER TABLE `promocoes`
  MODIFY `id` int(11) NOT NULL AUTO_INCREMENT, AUTO_INCREMENT=37;

--
-- AUTO_INCREMENT de tabela `promocoes_banner`
--
ALTER TABLE `promocoes_banner`
  MODIFY `id` int(11) NOT NULL AUTO_INCREMENT, AUTO_INCREMENT=6;

--
-- AUTO_INCREMENT de tabela `subcategorias`
--
ALTER TABLE `subcategorias`
  MODIFY `id` int(11) NOT NULL AUTO_INCREMENT, AUTO_INCREMENT=7;

--
-- AUTO_INCREMENT de tabela `tipo_envios`
--
ALTER TABLE `tipo_envios`
  MODIFY `id` int(11) NOT NULL AUTO_INCREMENT, AUTO_INCREMENT=7;

--
-- AUTO_INCREMENT de tabela `usuarios`
--
ALTER TABLE `usuarios`
  MODIFY `id` int(11) NOT NULL AUTO_INCREMENT, AUTO_INCREMENT=19;

--
-- AUTO_INCREMENT de tabela `vendas`
--
ALTER TABLE `vendas`
  MODIFY `id` int(11) NOT NULL AUTO_INCREMENT, AUTO_INCREMENT=18;
COMMIT;

/*!40101 SET CHARACTER_SET_CLIENT=@OLD_CHARACTER_SET_CLIENT */;
/*!40101 SET CHARACTER_SET_RESULTS=@OLD_CHARACTER_SET_RESULTS */;
/*!40101 SET COLLATION_CONNECTION=@OLD_COLLATION_CONNECTION */;
