DROP TABLE IF EXISTS alertas;

CREATE TABLE `alertas` (
  `id` int(11) NOT NULL AUTO_INCREMENT,
  `titulo_alerta` varchar(35) NOT NULL,
  `titulo_mensagem` varchar(100) NOT NULL,
  `mensagem` text DEFAULT NULL,
  `link` varchar(100) DEFAULT NULL,
  `imagem` varchar(100) NOT NULL,
  `data_final` date NOT NULL,
  `ativo` varchar(5) NOT NULL,
  PRIMARY KEY (`id`)
) ENGINE=InnoDB AUTO_INCREMENT=4 DEFAULT CHARSET=utf8;

INSERT INTO alertas VALUES("1","vaifijfigaisgakgslgsddddddddddddddd","ds","dadada vaifijfigaisgakgslgsddddddddddddddddddddddddddddddddddddddddddddddddddddddddd222222222222222222222222222222222222222222222dadada vaifijfigaisgakgslgsddddddddddddddddddddddddddddddddddddddddddddddddddddddddd222222222222222222222222222222222222222222222dadada vaifijfigaisgakgslgsddddddddddddddddddddddddddddddddddddddddddddddddddddddddd222222222222222222222222222222222222222222222dadada vaifijfigaisgakgslgsddddddddddddddddddddddddddddddddddddddddddddddddddddddddd222222222222222222222222222222222222222222222dadada vaifijfigaisgakgslgsddddddddddddddddddddddddddddddddddddddddddddddddddddddddd222222222222222222222222222222222222222222222dadada vaifijfigaisgakgslgsddddddddddddddddddddddddddddddddddddddddddddddddddddddddd222222222222222222222222222222222222222222222fsfsffdadada vaifijfigaisgakgslgsddddddddddddddddddddddddddddddddddddddddddddddddddddddddd222222222222222222222222222222222222222222222dadada vaifijfigaisgakgslgsddddddddddddddddddddddddddddddddddddddddddddddddddddddddd2222222","sbt.com.br","banner-1.jpg","2022-08-26","Não");
INSERT INTO alertas VALUES("3","arqrq","arqrq","ddddddddddddddddddddddddddddddddddddddddddddddddddddddddddddddddddddddddddddddddddddddddddddddddddddddddaaaaaaaaaddddddddddddddddddddddddddddddddddddddddddddddddddddddddddddddddddddddddddddddddddddddddddddddddddddddddaaaaaaaaaddddddddddddddddddddddddddddddddddddddddddddddddddddddddddddddddddddddddddddddddddddddddddddddddddddddddaaaaaaaaaddddddddddddddddddddddddddddddddddddddddddddddddddddddddddddddddddddddddddddddddddddddddddddddddddddddddaaaaaaaaaddddddddddddddddddddddddddddddddddddddddddddddddddddddddddddddddddddddddddddddddddddddddddddddddddddddddaaaaaaaaaddddddddddddddddddddddddddddddddddddddddddddddddddddddddddddddddddddddddddddddddddddddddddddddddddddddddaaaaaaaaaddddddddddddddddddddddddddddddddddddddddddddddddddddddddddddddddddddddddddddddddddddddddddddddddddddddddaaaaaaaaaddddddddddddddddddddddddddddddddddddddddddddddddddddddddddddddddddddddddddddddddddddddddddddddddddddddddaaaaaaaaaddddddddddddddddddddddddddddddddddddddddddddddddddddddddddddddddddddddddddddddddddddddddddddddddddddddddaaaaaaaaaddddddddddddddddddddddddddddddddddddddddddddddddddddddddddddddddddddddddddddddddddddddddddddddddddddddddaaaaaaaaaddddddddddddddddddddddddddddddddddddddddddddddddddddddddddddddddddddddddddddddddddddddddddddddddddddddddaaaaaaaaaddddddddddddddddddddddddddddddddddddddddddddddddddddddddddddddddddddddddddddddddddddddddddddddddddddddddaaaaaaaaaddddddddddddddddddddddddddddddddddddddddddddddddddddddddddddddddddddddddddddddddddddddddddddddddddddddddaaaaaaaaaddddddddddddddddddddddddddddddddddddddddddddddddddddddddddddddddddddddddddddddddddddddddddddddddddddddddaaaaaaaaaddddddddddddddddddddddddddddddddddddddddddddddddddddddddddddddddddddddddddddddddddddddddddddddddddddddddaaaaaaaaaddddddddddddddddddddddddddddddddddddddddddddddddddddddddddddddddddddddddddddddddddddddddddddddddddddddddaaaaaaaaaddddddddddddddddddddddddddddddddddddddddddddddddddddddddddddddddddddddddddddddddddddddddddddddddddddddddaaaaaaaaaddddddddddddddddddddddddddddddddddddddddddddddddddddddddddddddddddddddddddddddddddddddddddddddddddddddddaaaaaaaaaddddddddddddddddddddddddddddddddddddddddddddddddddddddddddddddddddddddddddddddddddddddddddddddddddddddddaaaaaaaaaddddddddddddddddddddddddddddddddddddddddddddddddddddddddddddddddddddddddddddddddddddddddddddddddddddddddaaaaaaaaaddddddddddddddddddddddddddddddddddddddddddddddddddddddddddddddddddddddddddddddddddddddddddddddddddddddddaaaaaaaaaddddddddddddddddddddddddddddddddddddddddddddddddddddddddddddddddddddddddddddddddddddddddddddddddddddddddaaaaaaaaaddddddddddddddddddddddddddddddddddddddddddddddddddddddddddddddddddddddddddddddddddddddddddddddddddddddddaaaaaaaaaddddddddddddddddddddddddddddddddddddddddddddddddddddddddddddddddddddddddddddddddddddddddddddddddddddddddaaaaaaaaaddddddddddddddddddddddddddddddddddddddddddddddddddddddddddddddddddddddddddddddddddddddddddddddddddddddddaaaaaaaaaddddddddddddddddddddddddddddddddddddddddddddddddddddddddddddddddddddddddddddddddddddddddddddddddddddddddaaaaaaaaaddddddddddddddddddddddddddddddddddddddddddddddddddddddddddddddddddddddddddddddddddddddddddddddddddddddddaaaaaaaaaddddddddddddddddddddddddddddddddddddddddddddddddddddddddddddddddddddddddddddddddddddddddddddddddddddddddaaaaaaaaaddddddddddddddddddddddddddddddddddddddddddddddddddddddddddddddddddddddddddddddddddddddddddddddddddddddddaaaaaaaaaddddddddddddddddddddddddddddddddddddddddddddddddddddddddddddddddddddddddddddddddddddddddddddddddddddddddaaaaaaaaaddddddddddddddddddddddddddddddddddddddddddddddddddddddddddddddddddddddddddddddddddddddddddddddddddddddddaaaaaaaaaddddddddddddddddddddddddddddddddddddddddddddddddddddddddddddddddddddddddddddddddddddddddddddddddddddddddaaaaaaaaaddddddddddddddddddddddddddddddddddddddddddddddddddddddddddddddddddddddddddddddddddddddddddddddddddddddddaaaaaaaaaddddddddddddddddddddddddddddddddddddddddddddddddddddddddddddddddddddddddddddddddddddddddddddddddddddddddaaaaaaaaaddddddddddddddddddddddddddddddddddddddddddddddddddddddddddddddddddddddddddddddddddddddddddddddddddddddddaaaaaaaaaddddddddddddddddddddddddddddddddddddddddddddddddddddddddddddddddddddddddddddddddddddddddddddddddddddddddaaaaaaaaaddddddddddddddddddddddddddddddddddddddddddddddddddddddddddddddddddddddddddddddddddddddddddddddddddddddddaaaaaaaaaddddddddddddddddddddddddddddddddddddddddddddddddddddddddddddddddddddddddddddddddddddddddddddddddddddddddaaaaaaaaaddddddddddddddddddddddddddddddddddddddddddddddddddddddddddddddddddddddddddddddddddddddddddddddddddddddddaaaaaaaaaddddddddddddddddddddddddddddddddddddddddddddddddddddddddddddddddddddddddddddddddddddddddddddddddddddddddaaaaaaaaaddddddddddddddddddddddddddddddddddddddddddddddddddddddddddddddddddddddddddddddddddddddddddddddddddddddddaaaaaaaaaddddddddddddddddddddddddddddddddddddddddddddddddddddddddddddddddddddddddddddddddddddddddddddddddddddddddaaaaaaaaaddddddddddddddddddddddddddddddddddddddddddddddddddddddddddddddddddddddddddddddddddddddddddddddddddddddddaaaaaaaaaddddddddddddddddddddddddddddddddddddddddddddddddddddddddddddddddddddddddddddddddddddddddddddddddddddddddaaaaaaaaaddddddddddddddddddddddddddddddddddddddddddddddddddddddddddddddddddddddddddddddddddddddddddddddddddddddddaaaaaaaaaddddddddddddddddddddddddddddddddddddddddddddddddddddddddddddddddddddddddddddddddddddddddddddddddddddddddaaaaaaaaaddddddddddddddddddddddddddddddddddddddddddddddddddddddddddddddddddddddddddddddddddddddddddddddddddddddddaaaaaaaaaddddddddddddddddddddddddddddddddddddddddddddddddddddddddddddddddddddddddddddddddddddddddddddddddddddddddaaaaaaaaaddddddddddddddddddddddddddddddddddddddddddddddddddddddddddddddddddddddddddddddddddddddddddddddddddddddddaaaaaaaaaddddddddddddddddddddddddddddddddddddddddddddddddddddddddddddddddddddddddddddddddddddddddddddddddddddddddaaaaaaaaaddddddddddddddddddddddddddddddddddddddddddddddddddddddddddddddddddddddddddddddddddddddddddddddddddddddddaaaaaaaaaddddddddddddddddddddddddddddddddddddddddddddddddddddddddddddddddddddddddddddddddddddddddddddddddddddddddaaaaaaaaaddddddddddddddddddddddddddddddddddddddddddddddddddddddddddddddddddddddddddddddddddddddddddddddddddddddddaaaaaaaaaddddddddddddddddddddddddddddddddddddddddddddddddddddddddddddddddddddddddddddddddddddddddddddddddddddddddaaaaaaaaaddddddddddddddddddddddddddddddddddddddddddddddddddddddddddddddddddddddddddddddddddddddddddddddddddddddddaaaaaaaaaddddddddddddddddddddddddddddddddddddddddddddddddddddddddddddddddddddddddddddddddddddddddddddddddddddddddaaaaaaaaaddddddddddddddddddddddddddddddddddddddddddddddddddddddddddddddddddddddddddddddddddddddddddddddddddddddddaaaaaaaaaddddddddddddddddddddddddddddddddddddddddddddddddddddddddddddddddddddddddddddddddddddddddddddddddddddddddaaaaaaaaaddddddddddddddddddddddddddddddddddddddddddddddddddddddddddddddddddddddddddddddddddddddddddddddddddddddddaaaaaaaaaddddddddddddddddddddddddddddddddddddddddddddddddddddddddddddddddddddddddddddddddddddddddddddddddddddddddaaaaaaaaaddddddddddddddddddddddddddddddddddddddddddddddddddddddddddddddddddddddddddddddddddddddddddddddddddddddddaaaaaaaaaddddddddddddddddddddddddddddddddddddddddddddddddddddddddddddddddddddddddddddddddddddddddddddddddddddddddaaaaaaaaaddddddddddddddddddddddddddddddddddddddddddddddddddddddddddddddddddddddddddddddddddddddddddddddddddddddddaaaaaaaaaddddddddddddddddddddddddddddddddddddddddddddddddddddddddddddddddddddddddddddddddddddddddddddddddddddddddaaaaaaaaaddddddddddddddddddddddddddddddddddddddddddddddddddddddddddddddddddddddddddddddddddddddddddddddddddddddddaaaaaaaaaddddddddddddddddddddddddddddddddddddddddddddddddddddddddddddddddddddddddddddddddddddddddddddddddddddddddaaaaaaaaaddddddddddddddddddddddddddddddddddddddddddddddddddddddddddddddddddddddddddddddddddddddddddddddddddddddddaaaaaaaaaddddddddddddddddddddddddddddddddddddddddddddddddddddddddddddddddddddddddddddddddddddddddddddddddddddddddaaaaaaaaaddddddddddddddddddddddddddddddddddddddddddddddddddddddddddddddddddddddddddddddddddddddddddddddddddddddddaaaaaaaaaddddddddddddddddddddddddddddddddddddddddddddddddddddddddddddddddddddddddddddddddddddddddddddddddddddddddaaaaaaaaaddddddddddddddddddddddddddddddddddddddddddddddddddddddddddddddddddddddddddddddddddddddddddddddddddddddddaaaaaaaaaddddddddddddddddddddddddddddddddddddddddddddddddddddddddddddddddddddddddddddddddddddddddddddddddddddddddaaaaaaaaaddddddddddddddddddddddddddddddddddddddddddddddddddddddddddddddddddddddddddddddddddddddddddddddddddddddddaaaaaaaaaddddddddddddddddddddddddddddddddddddddddddddddddddddddddddddddddddddddddddddddddddddddddddddddddddddddddaaaaaaaaaddddddddddddddddddddddddddddddddddddddddddddddddddddddddddddddddddddddddddddddddddddddddddddddddddddddddaaaaaaaaaddddddddddddddddddddddddddddddddddddddddddddddddddddddddddddddddddddddddddddddddddddddddddddddddddddddddaaaaaaaaaddddddddddddddddddddddddddddddddddddddddddddddddddddddddddddddddddddddddddddddddddddddddddddddddddddddddaaaaaaaaaddddddddddddddddddddddddddddddddddddddddddddddddddddddddddddddddddddddddddddddddddddddddddddddddddddddddaaaaaaaaaddddddddddddddddddddddddddddddddddddddddddddddddddddddddddddddddddddddddddddddddddddddddddddddddddddddddaaaaaaaaaddddddddddddddddddddddddddddddddddddddddddddddddddddddddddddddddddddddddddddddddddddddddddddddddddddddddaaaaaaaaaddddddddddddddddddddddddddddddddddddddddddddddddddddddddddddddddddddddddddddddddddddddddddddddddddddddddaaaaaaaaaddddddddddddddddddddddddddddddddddddddddddddddddddddddddddddddddddddddddddddddddddddddddddddddddddddddddaaaaaaaaaddddddddddddddddddddddddddddddddddddddddddddddddddddddddddddddddddddddddddddddddddddddddddddddddddddddddaaaaaaaaaddddddddddddddddddddddddddddddddddddddddddddddddddddddddddddddddddddddddddddddddddddddddddddddddddddddddaaaaaaaaaddddddddddddddddddddddddddddddddddddddddddddddddddddddddddddddddddddddddddddddddddddddddddddddddddddddddaaaaaaaaaddddddddddddddddddddddddddddddddddddddddddddddddddddddddddddddddddddddddddddddddddddddddddddddddddddddddaaaaaaaaaddddddddddddddddddddddddddddddddddddddddddddddddddddddddddddddddddddddddddddddddddddddddddddddddddddddddaaaaaaaaaddddddddddddddddddddddddddddddddddddddddddddddddddddddddddddddddddddddddddddddddddddddddddddddddddddddddaaaaaaaaaddddddddddddddddddddddddddddddddddddddddddddddddddddddddddddddddddddddddddddddddddddddddddddddddddddddddaaaaaaaaaddddddddddddddddddddddddddddddddddddddddddddddddddddddddddddddddddddddddddddddddddddddddddddddddddddddddaaaaaaaaaddddddddddddddddddddddddddddddddddddddddddddddddddddddddddddddddddddddddddddddddddddddddddddddddddddddddaaaaaaaaaddddddddddddddddddddddddddddddddddddddddddddddddddddddddddddddddddddddddddddddddddddddddddddddddddddddddaaaaaaaaaddddddddddddddddddddddddddddddddddddddddddddddddddddddddddddddddddddddddddddddddddddddddddddddddddddddddaaaaaaaaaddddddddddddddddddddddddddddddddddddddddddddddddddddddddddddddddddddddddddddddddddddddddddddddddddddddddaaaaaaaaaddddddddddddddddddddddddddddddddddddddddddddddddddddddddddddddddddddddddddddddddddddddddddddddddddddddddaaaaaaaaaddddddddddddddddddddddddddddddddddddddddddddddddddddddddddddddddddddddddddddddddddddddddddddddddddddddddaaaaaaaaaddddddddddddddddddddddddddddddddddddddddddddddddddddddddddddddddddddddddddddddddddddddddddddddddddddddddaaaaaaaaaddddddddddddddddddddddddddddddddddddddddddddddddddddddddddddddddddddddddddddddddddddddddddddddddddddddddaaaaaaaaaddddddddddddddddddddddddddddddddddddddddddddddddddddddddddddddddddddddddddddddddddddddddddddddddddddddddaaaaaaaaaddddddddddddddddddddddddddddddddddddddddddddddddddddddddddddddddddddddddddddddddddddddddddddddddddddddddaaaaaaaaaddddddddddddddddddddddddddddddddddddddddddddddddddddddddddddddddddddddddddddddddddddddddddddddddddddddddaaaaaaaaaddddddddddddddddddddddddddddddddddddddddddddddddddddddddddddddddddddddddddddddddddddddddddddddddddddddddaaaaaaaaaddddddddddddddddddddddddddddddddddddddddddddddddddddddddddddddddddddddddddddddddddddddddddddddddddddddddaaaaaaaaaddddddddddddddddddddddddddddddddddddddddddddddddddddddddddddddddddddddddddddddddddddddddddddddddddddddddaaaaaaaaaddddddddddddddddddddddddddddddddddddddddddddddddddddddddddddddddddddddddddddddddddddddddddddddddddddddddaaaaaaaaaddddddddddddddddddddddddddddddddddddddddddddddddddddddddddddddddddddddddddddddddddddddddddddddddddddddddaaaaaaaaaddddddddddddddddddddddddddddddddddddddddddddddddddddddddddddddddddddddddddddddddddddddddddddddddddddddddaaaaaaaaaddddddddddddddddddddddddddddddddddddddddddddddddddddddddddddddddddddddddddddddddddddddddddddddddddddddddaaaaaaaaaddddddddddddddddddddddddddddddddddddddddddddddddddddddddddddddddddddddddddddddddddddddddddddddddddddddddaaaaaaaaaddddddddddddddddddddddddddddddddddddddddddddddddddddddddddddddddddddddddddddddddddddddddddddddddddddddddaaaaaaaaaddddddddddddddddddddddddddddddddddddddddddddddddddddddddddddddddddddddddddddddddddddddddddddddddddddddddaaaaaaaaaddddddddddddddddddddddddddddddddddddddddddddddddddddddddddddddddddddddddddddddddddddddddddddddddddddddddaaaaaaaaaddddddddddddddddddddddddddddddddddddddddddddddddddddddddddddddddddddddddddddddddddddddddddddddddddddddddaaaaaaaaaddddddddddddddddddddddddddddddddddddddddddddddddddddddddddddddddddddddddddddddddddddddddddddddddddddddddaaaaaaaaaddddddddddddddddddddddddddddddddddddddddddddddddddddddddddddddddddddddddddddddddddddddddddddddddddddddddaaaaaaaaaddddddddddddddddddddddddddddddddddddddddddddddddddddddddddddddddddddddddddddddddddddddddddddddddddddddddaaaaaaaaaddddddddddddddddddddddddddddddddddddddddddddddddddddddddddddddddddddddddddddddddddddddddddddddddddddddddaaaaaaaaaddddddddddddddddddddddddddddddddddddddddddddddddddddddddddddddddddddddddddddddddddddddddddddddddddddddddaaaaaaaaaddddddddddddddddddddddddddddddddddddddddddddddddddddddddddddddddddddddddddddddddddddddddddddddddddddddddaaaaaaaaaddddddddddddddddddddddddddddddddddddddddddddddddddddddddddddddddddddddddddddddddddddddddddddddddddddddddaaaaaaaaaddddddddddddddddddddddddddddddddddddddddddddddddddddddddddddddddddddddddddddddddddddddddddddddddddddddddaaaaaaaaaddddddddddddddddddddddddddddddddddddddddddddddddddddddddddddddddddddddddddddddddddddddddddddddddddddddddaaaaaaaaaddddddddddddddddddddddddddddddddddddddddddddddddddddddddddddddddddddddddddddddddddddddddddddddddddddddddaaaaaaaaaddddddddddddddddddddddddddddddddddddddddddddddddddddddddddddddddddddddddddddddddddddddddddddddddddddddddaaaaaaaaaddddddddddddddddddddddddddddddddddddddddddddddddddddddddddddddddddddddddddddddddddddddddddddddddddddddddaaaaaaaaaddddddddddddddddddddddddddddddddddddddddddddddddddddddddddddddddddddddddddddddddddddddddddddddddddddddddaaaaaaaaaddddddddddddddddddddddddddddddddddddddddddddddddddddddddddddddddddddddddddddddddddddddddddddddddddddddddaaaaaaaaaddddddddddddddddddddddddddddddddddddddddddddddddddddddddddddddddddddddddddddddddddddddddddddddddddddddddaaaaaaaaaddddddddddddddddddddddddddddddddddddddddddddddddddddddddddddddddddddddddddddddddddddddddddddddddddddddddaaaaaaaaaddddddddddddddddddddddddddddddddddddddddddddddddddddddddddddddddddddddddddddddddddddddddddddddddddddddddaaaaaaaaaddddddddddddddddddddddddddddddddddddddddddddddddddddddddddddddddddddddddddddddddddddddddddddddddddddddddaaaaaaaaaddddddddddddddddddddddddddddddddddddddddddddddddddddddddddddddddddddddddddddddddddddddddddddddddddddddddaaaaaaaaaddddddddddddddddddddddddddddddddddddddddddddddddddddddddddddddddddddddddddddddddddddddddddddddddddddddddaaaaaaaaaddddddddddddddddddddddddddddddddddddddddddddddddddddddddddddddddddddddddddddddddddddddddddddddddddddddddaaaaaaaaaddddddddddddddddddddddddddddddddddddddddddddddddddddddddddddddddddddddddddddddddddddddddddddddddddddddddaaaaaaaaaddddddddddddddddddddddddddddddddddddddddddddddddddddddddddddddddddddddddddddddddddddddddddddddddddddddddaaaaaaaaaddddddddddddddddddddddddddddddddddddddddddddddddddddddddddddddddddddddddddddddddddddddddddddddddddddddddaaaaaaaaaddddddddddddddddddddddddddddddddddddddddddddddddddddddddddddddddddddddddddddddddddddddddddddddddddddddddaaaaaaaaaddddddddddddddddddddddddddddddddddddddddddddddddddddddddddddddddddddddddddddddddddddddddddddddddddddddddaaaaaaaaaddddddddddddddddddddddddddddddddddddddddddddddddddddddddddddddddddddddddddddddddddddddddddddddddddddddddaaaaaaaaaddddddddddddddddddddddddddddddddddddddddddddddddddddddddddddddddddddddddddddddddddddddddddddddddddddddddaaaaaaaaaddddddddddddddddddddddddddddddddddddddddddddddddddddddddddddddddddddddddddddddddddddddddddddddddddddddddaaaaaaaaaddddddddddddddddddddddddddddddddddddddddddddddddddddddddddddddddddddddddddddddddddddddddddddddddddddddddaaaaaaaaaddddddddddddddddddddddddddddddddddddddddddddddddddddddddddddddddddddddddddddddddddddddddddddddddddddddddaaaaaaaaaddddddddddddddddddddddddddddddddddddddddddddddddddddddddddddddddddddddddddddddddddddddddddddddddddddddddaaaaaaaaaddddddddddddddddddddddddddddddddddddddddddddddddddddddddddddddddddddddddddddddddddddddddddddddddddddddddaaaaaaaaaddddddddddddddddddddddddddddddddddddddddddddddddddddddddddddddddddddddddddddddddddddddddddddddddddddddddaaaaaaaaaddddddddddddddddddddddddddddddddddddddddddddddddddddddddddddddddddddddddddddddddddddddddddddddddddddddddaaaaaaaaaddddddddddddddddddddddddddddddddddddddddddddddddddddddddddddddddddddddddddddddddddddddddddddddddddddddddaaaaaaaaaddddddddddddddddddddddddddddddddddddddddddddddddddddddddddddddddddddddddddddddddddddddddddddddddddddddddaaaaaaaaaddddddddddddddddddddddddddddddddddddddddddddddddddddddddddddddddddddddddddddddddddddddddddddddddddddddddaaaaaaaaaddddddddddddddddddddddddddddddddddddddddddddddddddddddddddddddddddddddddddddddddddddddddddddddddddddddddaaaaaaaaaddddddddddddddddddddddddddddddddddddddddddddddddddddddddddddddddddddddddddddddddddddddddddddddddddddddddaaaaaaaaaddddddddddddddddddddddddddddddddddddddddddddddddddddddddddddddddddddddddddddddddddddddddddddddddddddddddaaaaaaaaaddddddddddddddddddddddddddddddddddddddddddddddddddddddddddddddddddddddddddddddddddddddddddddddddddddddddaaaaaaaaaddddddddddddddddddddddddddddddddddddddddddddddddddddddddddddddddddddddddddddddddddddddddddddddddddddddddaaaaaaaaaddddddddddddddddddddddddddddddddddddddddddddddddddddddddddddddddddddddddddddddddddddddddddddddddddddddddaaaaaaaaaddddddddddddddddddddddddddddddddddddddddddddddddddddddddddddddddddddddddddddddddddddddddddddddddddddddddaaaaaaaaaddddddddddddddddddddddddddddddddddddddddddddddddddddddddddddddddddddddddddddddddddddddddddddddddddddddddaaaaaaaaaddddddddddddddddddddddddddddddddddddddddddddddddddddddddddddddddddddddddddddddddddddddddddddddddddddddddaaaaaaaaaddddddddddddddddddddddddddddddddddddddddddddddddddddddddddddddddddddddddddddddddddddddddddddddddddddddddaaaaaaaaaddddddddddddddddddddddddddddddddddddddddddddddddddddddddddddddddddddddddddddddddddddddddddddddddddddddddaaaaaaaaaddddddddddddddddddddddddddddddddddddddddddddddddddddddddddddddddddddddddddddddddddddddddddddddddddddddddaaaaaaaaaddddddddddddddddddddddddddddddddddddddddddddddddddddddddddddddddddddddddddddddddddddddddddddddddddddddddaaaaaaaaaddddddddddddddddddddddddddddddddddddddddddddddddddddddddddddddddddddddddddddddddddddddddddddddddddddddddaaaaaaaaaddddddddddddddddddddddddddddddddddddddddddddddddddddddddddddddddddddddddddddddddddddddddddddddddddddddddaaaaaaaaaddddddddddddddddddddddddddddddddddddddddddddddddddddddddddddddddddddddddddddddddddddddddddddddddddddddddaaaaaaaaaddddddddddddddddddddddddddddddddddddddddddddddddddddddddddddddddddddddddddddddddddddddddddddddddddddddddaaaaaaaaaddddddddddddddddddddddddddddddddddddddddddddddddddddddddddddddddddddddddddddddddddddddddddddddddddddddddaaaaaaaaaddddddddddddddddddddddddddddddddddddddddddddddddddddddddddddddddddddddddddddddddddddddddddddddddddddddddaaaaaaaaaddddddddddddddddddddddddddddddddddddddddddddddddddddddddddddddddddddddddddddddddddddddddddddddddddddddddaaaaaaaaaddddddddddddddddddddddddddddddddddddddddddddddddddddddddddddddddddddddddddddddddddddddddddddddddddddddddaaaaaaaaaddddddddddddddddddddddddddddddddddddddddddddddddddddddddddddddddddddddddddddddddddddddddddddddddddddddddaaaaaaaaaddddddddddddddddddddddddddddddddddddddddddddddddddddddddddddddddddddddddddddddddddddddddddddddddddddddddaaaaaaaaaddddddddddddddddddddddddddddddddddddddddddddddddddddddddddddddddddddddddddddddddddddddddddddddddddddddddaaaaaaaaaddddddddddddddddddddddddddddddddddddddddddddddddddddddddddddddddddddddddddddddddddddddddddddddddddddddddaaaaaaaaaddddddddddddddddddddddddddddddddddddddddddddddddddddddddddddddddddddddddddddddddddddddddddddddddddddddddaaaaaaaaaddddddddddddddddddddddddddddddddddddddddddddddddddddddddddddddddddddddddddddddddddddddddddddddddddddddddaaaaaaaaaddddddddddddddddddddddddddddddddddddddddddddddddddddddddddddddddddddddddddddddddddddddddddddddddddddddddaaaaaaaaaddddddddddddddddddddddddddddddddddddddddddddddddddddddddddddddddddddddddddddddddddddddddddddddddddddddddaaaaaaaaaddddddddddddddddddddddddddddddddddddddddddddddddddddddddddddddddddddddddddddddddddddddddddddddddddddddddaaaaaaaaaddddddddddddddddddddddddddddddddddddddddddddddddddddddddddddddddddddddddddddddddddddddddddddddddddddddddaaaaaaaaaddddddddddddddddddddddddddddddddddddddddddddddddddddddddddddddddddddddddddddddddddddddddddddddddddddddddaaaaaaaaaddddddddddddddddddddddddddddddddddddddddddddddddddddddddddddddddddddddddddddddddddddddddddddddddddddddddaaaaaaaaaddddddddddddddddddddddddddddddddddddddddddddddddddddddddddddddddddddddddddddddddddddddddddddddddddddddddaaaaaaaaaddddddddddddddddddddddddddddddddddddddddddddddddddddddddddddddddddddddddddddddddddddddddddddddddddddddddaaaaaaaaaddddddddddddddddddddddddddddddddddddddddddddddddddddddddddddddddddddddddddddddddddddddddddddddddddddddddaaaaaaaaaddddddddddddddddddddddddddddddddddddddddddddddddddddddddddddddddddddddddddddddddddddddddddddddddddddddddaaaaaaaaaddddddddddddddddddddddddddddddddddddddddddddddddddddddddddddddddddddddddddddddddddddddddddddddddddddddddaaaaaaaaaddddddddddddddddddddddddddddddddddddddddddddddddddddddddddddddddddddddddddddddddddddddddddddddddddddddddaaaaaaaaaddddddddddddddddddddddddddddddddddddddddddddddddddddddddddddddddddddddddddddddddddddddddddddddddddddddddaaaaaaaaaddddddddddddddddddddddddddddddddddddddddddddddddddddddddddddddddddddddddddddddddddddddddddddddddddddddddaaaaaaaaaddddddddddddddddddddddddddddddddddddddddddddddddddddddddddddddddddddddddddddddddddddddddddddddddddddddddaaaaaaaaaddddddddddddddddddddddddddddddddddddddddddddddddddddddddddddddddddddddddddddddddddddddddddddddddddddddddaaaaaaaaaddddddddddddddddddddddddddddddddddddddddddddddddddddddddddddddddddddddddddddddddddddddddddddddddddddddddaaaaaaaaaddddddddddddddddddddddddddddddddddddddddddddddddddddddddddddddddddddddddddddddddddddddddddddddddddddddddaaaaaaaaaddddddddddddddddddddddddddddddddddddddddddddddddddddddddddddddddddddddddddddddddddddddddddddddddddddddddaaaaaaaaaddddddddddddddddddddddddddddddddddddddddddddddddddddddddddddddddddddddddddddddddddddddddddddddddddddddddaaaaaaaaaddddddddddddddddddddddddddddddddddddddddddddddddddddddddddddddddddddddddddddddddddddddddddddddddddddddddaaaaaaaaaddddddddddddddddddddddddddddddddddddddddddddddddddddddddddddddddddddddddddddddddddddddddddddddddddddddddaaaaaaaaa2222222222222222","414141","sem-foto.jpg","2022-08-19","Não");


DROP TABLE IF EXISTS carac;

CREATE TABLE `carac` (
  `id` int(11) NOT NULL AUTO_INCREMENT,
  `nome` varchar(50) NOT NULL,
  PRIMARY KEY (`id`)
) ENGINE=InnoDB AUTO_INCREMENT=8 DEFAULT CHARSET=utf8;

INSERT INTO carac VALUES("3","Cor");
INSERT INTO carac VALUES("4","Numeração");
INSERT INTO carac VALUES("7","Tamanho");


DROP TABLE IF EXISTS carac_itens;

CREATE TABLE `carac_itens` (
  `id` int(11) NOT NULL AUTO_INCREMENT,
  `id_carac_prod` int(11) NOT NULL,
  `nome_item` varchar(50) NOT NULL,
  `valor_item` varchar(50) DEFAULT NULL,
  PRIMARY KEY (`id`)
) ENGINE=InnoDB AUTO_INCREMENT=31 DEFAULT CHARSET=utf8;

INSERT INTO carac_itens VALUES("1","27","azul","#wr2342");
INSERT INTO carac_itens VALUES("2","28","branco","#FFFFFF");
INSERT INTO carac_itens VALUES("7","30","P",NULL);
INSERT INTO carac_itens VALUES("30","28","azul",NULL);


DROP TABLE IF EXISTS carac_prod;

CREATE TABLE `carac_prod` (
  `id` int(11) NOT NULL AUTO_INCREMENT,
  `id_carac` int(11) NOT NULL,
  `id_prod` int(11) NOT NULL,
  PRIMARY KEY (`id`)
) ENGINE=InnoDB AUTO_INCREMENT=31 DEFAULT CHARSET=utf8;

INSERT INTO carac_prod VALUES("27","3","2");
INSERT INTO carac_prod VALUES("28","3","3");
INSERT INTO carac_prod VALUES("29","4","2");
INSERT INTO carac_prod VALUES("30","7","2");


DROP TABLE IF EXISTS categorias;

CREATE TABLE `categorias` (
  `id` int(11) NOT NULL AUTO_INCREMENT,
  `nome` varchar(50) NOT NULL,
  `nome_url` varchar(50) NOT NULL,
  `imagem` varchar(150) NOT NULL,
  PRIMARY KEY (`id`)
) ENGINE=InnoDB AUTO_INCREMENT=10 DEFAULT CHARSET=utf8;

INSERT INTO categorias VALUES("1","categoria teste bica","categoria-teste-bica","categoria-teste.jpg");
INSERT INTO categorias VALUES("3","galo-teste","galo-teste","sem-foto.jpg");
INSERT INTO categorias VALUES("4","cerveja 2","cerveja-2","sem-foto.jpg");
INSERT INTO categorias VALUES("8","doces coloridos da tia mafalda","doces-coloridos-da-tia-mafalda","sem-foto.jpg");
INSERT INTO categorias VALUES("9","tetsfsf 2","tetsfsf-2","laranja-01.jpg");


DROP TABLE IF EXISTS clientes;

CREATE TABLE `clientes` (
  `id` int(11) NOT NULL AUTO_INCREMENT,
  `nome` varchar(55) NOT NULL,
  `cpf` varchar(20) NOT NULL,
  `email` varchar(55) NOT NULL,
  `telefone` varchar(20) DEFAULT NULL,
  `logradouro` varchar(75) DEFAULT NULL,
  `numero` varchar(20) DEFAULT NULL,
  `complemento` varchar(50) DEFAULT NULL,
  `bairro` varchar(50) DEFAULT NULL,
  `cidade` varchar(30) DEFAULT NULL,
  `estado` varchar(5) DEFAULT NULL,
  `cep` varchar(20) DEFAULT NULL,
  `pais` varchar(30) DEFAULT NULL,
  `cartoes` int(11) DEFAULT NULL,
  PRIMARY KEY (`id`)
) ENGINE=InnoDB AUTO_INCREMENT=2 DEFAULT CHARSET=utf8;

INSERT INTO clientes VALUES("1","Adamastor Pereira","919.191.991-11","pereira@gmail.com",NULL,NULL,NULL,NULL,NULL,NULL,NULL,NULL,NULL,NULL);


DROP TABLE IF EXISTS combos;

CREATE TABLE `combos` (
  `id` int(11) NOT NULL AUTO_INCREMENT,
  `nome` varchar(100) NOT NULL,
  `nome_url` varchar(50) NOT NULL,
  `descricao` varchar(1000) DEFAULT NULL,
  `descricao_longa` text DEFAULT NULL,
  `valor` decimal(8,2) NOT NULL,
  `imagem` varchar(100) NOT NULL,
  `tipo_envio` int(11) NOT NULL,
  `palavras` varchar(250) DEFAULT NULL,
  `ativo` varchar(5) NOT NULL,
  `peso` double(8,2) NOT NULL,
  `largura` double(8,2) NOT NULL,
  `altura` double(8,2) NOT NULL,
  `comprimento` double(8,2) NOT NULL,
  `valor_frete` decimal(8,2) DEFAULT NULL,
  PRIMARY KEY (`id`)
) ENGINE=InnoDB AUTO_INCREMENT=7 DEFAULT CHARSET=utf8;

INSERT INTO combos VALUES("3","5 camisas","5-camisas",NULL,NULL,"69.22","sem-foto.jpg","1",NULL,"Sim","0.00","0.00","0.00","0.00","0.00");
INSERT INTO combos VALUES("6","12 camisas regata","12-camisas-regata",NULL,NULL,"120.00","sem-foto.jpg","1",NULL,"Sim","0.00","0.00","0.00","0.00","0.00");


DROP TABLE IF EXISTS emails;

CREATE TABLE `emails` (
  `id` int(11) NOT NULL AUTO_INCREMENT,
  `nome` varchar(75) DEFAULT NULL,
  `email` varchar(75) NOT NULL,
  `ativo` varchar(5) NOT NULL,
  PRIMARY KEY (`id`)
) ENGINE=InnoDB AUTO_INCREMENT=13 DEFAULT CHARSET=utf8;

INSERT INTO emails VALUES("1","Marley Junior Aparecido","paiva.s2.paula@hotmail.com","Sim");
INSERT INTO emails VALUES("3","Marley Junior","admin@gmail.com","Sim");
INSERT INTO emails VALUES("4","cadada","jj@gmail.com","Sim");
INSERT INTO emails VALUES("5","Marley Junior","ped@hotmail.com","Sim");
INSERT INTO emails VALUES("6","Marley Junior Aparecido","ped2@hotmail.com","Sim");
INSERT INTO emails VALUES("7","Miséria","ped3@hotmail.com","Sim");
INSERT INTO emails VALUES("8","aadadad","afafafa@mgail.com","Sim");
INSERT INTO emails VALUES("9","Marcelo Madureira","madureira@gmail.com","Sim");
INSERT INTO emails VALUES("11","Mardoque","mardoqueu@gmail.com","Sim");
INSERT INTO emails VALUES("12","Adamastor Pereira","pereira@gmail.com","Sim");


DROP TABLE IF EXISTS imagens;

CREATE TABLE `imagens` (
  `id` int(11) NOT NULL AUTO_INCREMENT,
  `id_produto` int(11) NOT NULL,
  `imagem` varchar(100) NOT NULL,
  PRIMARY KEY (`id`)
) ENGINE=InnoDB AUTO_INCREMENT=9 DEFAULT CHARSET=utf8;

INSERT INTO imagens VALUES("4","4","cat-1.jpg");


DROP TABLE IF EXISTS prod_combos;

CREATE TABLE `prod_combos` (
  `id` int(11) NOT NULL AUTO_INCREMENT,
  `id_produto` int(11) NOT NULL,
  `id_combo` int(11) NOT NULL,
  PRIMARY KEY (`id`)
) ENGINE=InnoDB AUTO_INCREMENT=32 DEFAULT CHARSET=utf8;

INSERT INTO prod_combos VALUES("21","3","6");
INSERT INTO prod_combos VALUES("22","2","3");
INSERT INTO prod_combos VALUES("30","6","6");
INSERT INTO prod_combos VALUES("31","2","6");


DROP TABLE IF EXISTS produtos;

CREATE TABLE `produtos` (
  `id` int(11) NOT NULL AUTO_INCREMENT,
  `id_categoria` int(11) NOT NULL,
  `id_subcategoria` int(11) NOT NULL,
  `nome` varchar(100) NOT NULL,
  `nome_url` varchar(100) NOT NULL,
  `descricao` varchar(1000) DEFAULT NULL,
  `descricao_longa` text DEFAULT NULL,
  `valor` decimal(10,2) NOT NULL,
  `imagem` varchar(100) NOT NULL,
  `estoque` int(11) DEFAULT NULL,
  `tipo_envio` int(11) NOT NULL,
  `palavras` varchar(250) DEFAULT NULL,
  `ativo` varchar(5) NOT NULL,
  `peso` double(8,2) DEFAULT NULL,
  `largura` double(8,2) DEFAULT NULL,
  `altura` double(8,2) DEFAULT NULL,
  `comprimento` double(8,2) DEFAULT NULL,
  `modelo` varchar(100) DEFAULT NULL,
  `valor_frete` decimal(8,2) DEFAULT NULL,
  `promocao` varchar(5) DEFAULT NULL,
  PRIMARY KEY (`id`)
) ENGINE=InnoDB AUTO_INCREMENT=9 DEFAULT CHARSET=utf8;

INSERT INTO produtos VALUES("2","5","6","Pão de Mel com Chocolate","pao-de-mel-com-chocolate","Teste","Comida de doce","53.45","doces-coloridos.jpg","45","2","pão de mel doce, pão de mel gostoso, comprar pão de mel","Sim","23.00","32.00","12.00","24.00","doce","32.00","Não");
INSERT INTO produtos VALUES("3","1","3","Pintinho de namquim do Grosso","pintinho-de-namquim-do-grosso",NULL,NULL,"23.99","sem-foto.jpg",NULL,"1",NULL,"Sim","0.00","0.00","0.00","0.00",NULL,"0.00","Não");
INSERT INTO produtos VALUES("4","1","3","ffsfs","ffsfs",NULL,NULL,"24.00","sem-foto.jpg",NULL,"1",NULL,"Não","0.00","0.00","0.00","0.00",NULL,"0.00","Não");
INSERT INTO produtos VALUES("6","5","4","teste produto novo","teste-produto-novo",NULL,NULL,"49.00","sem-foto.jpg",NULL,"1",NULL,"Não","0.00","0.00","0.00","0.00",NULL,"0.00","Não");
INSERT INTO produtos VALUES("7","1","3","produto teste promoção","produto-teste-promocao",NULL,NULL,"99.99","sem-foto.jpg",NULL,"1",NULL,"Sim","0.00","0.00","0.00","0.00",NULL,"0.00","Não");
INSERT INTO produtos VALUES("8","1","3","x9","x9",NULL,NULL,"32.00","sem-foto.jpg",NULL,"1",NULL,"Sim","0.00","0.00","0.00","0.00",NULL,"0.00","Sim");


DROP TABLE IF EXISTS promocoes;

CREATE TABLE `promocoes` (
  `id` int(11) NOT NULL AUTO_INCREMENT,
  `id_produto` int(11) NOT NULL,
  `valor` decimal(8,2) NOT NULL,
  `data_inicio` date NOT NULL,
  `data_final` date NOT NULL,
  `ativo` varchar(5) NOT NULL,
  PRIMARY KEY (`id`)
) ENGINE=InnoDB AUTO_INCREMENT=24 DEFAULT CHARSET=utf8;

INSERT INTO promocoes VALUES("23","8","42.00","2022-08-18","2022-08-18","Sim");


DROP TABLE IF EXISTS promocoes_banner;

CREATE TABLE `promocoes_banner` (
  `id` int(11) NOT NULL AUTO_INCREMENT,
  `titulo` varchar(50) NOT NULL,
  `link` varchar(100) NOT NULL,
  `imagem` varchar(100) NOT NULL,
  `ativo` varchar(5) NOT NULL,
  PRIMARY KEY (`id`)
) ENGINE=InnoDB AUTO_INCREMENT=6 DEFAULT CHARSET=utf8;

INSERT INTO promocoes_banner VALUES("2","Cuzero Lindo","cruzeiro-lindo","banner-2.jpg","Sim");
INSERT INTO promocoes_banner VALUES("4","Segunda Promoção","cuzero-porco","banner-1.jpg","Não");
INSERT INTO promocoes_banner VALUES("5","bolsecudo","cuzero-master","banner-promo.jpg","Sim");


DROP TABLE IF EXISTS subcategorias;

CREATE TABLE `subcategorias` (
  `id` int(11) NOT NULL AUTO_INCREMENT,
  `nome` varchar(50) NOT NULL,
  `nome_url` varchar(50) NOT NULL,
  `imagem` varchar(150) NOT NULL,
  `id_categoria` int(11) NOT NULL,
  PRIMARY KEY (`id`)
) ENGINE=InnoDB AUTO_INCREMENT=7 DEFAULT CHARSET=utf8;

INSERT INTO subcategorias VALUES("1","tênis","tenis","cat-6.jpg","2");
INSERT INTO subcategorias VALUES("2","tênis 2","tenis-2","cat-5.jpg","8");
INSERT INTO subcategorias VALUES("3","dindu","dindu","sem-foto.jpg","1");
INSERT INTO subcategorias VALUES("4","deido","deido","garrafa-de-cerveja-pequena-à-disposição-92840768.jpg","5");
INSERT INTO subcategorias VALUES("6","bund","bund","sem-foto.jpg","5");


DROP TABLE IF EXISTS tipo_envios;

CREATE TABLE `tipo_envios` (
  `id` int(11) NOT NULL AUTO_INCREMENT,
  `tipo` varchar(50) NOT NULL,
  PRIMARY KEY (`id`)
) ENGINE=InnoDB AUTO_INCREMENT=7 DEFAULT CHARSET=utf8;

INSERT INTO tipo_envios VALUES("1","correios");
INSERT INTO tipo_envios VALUES("2","valor fixo");
INSERT INTO tipo_envios VALUES("3","sem frete");
INSERT INTO tipo_envios VALUES("4","digital");


DROP TABLE IF EXISTS usuarios;

CREATE TABLE `usuarios` (
  `id` int(11) NOT NULL AUTO_INCREMENT,
  `nome` varchar(75) NOT NULL,
  `cpf` varchar(20) NOT NULL,
  `email` varchar(50) NOT NULL,
  `senha` varchar(25) NOT NULL,
  `senha_crip` varchar(150) NOT NULL,
  `nivel` varchar(20) NOT NULL,
  `data_cad` date NOT NULL,
  PRIMARY KEY (`id`)
) ENGINE=InnoDB AUTO_INCREMENT=19 DEFAULT CHARSET=utf8;

INSERT INTO usuarios VALUES("6","Admin Novo","000.000.000-00","danielantunespaiva@gmail.com","123","202cb962ac59075b964b07152d234b70","Administrador","2022-08-08");
INSERT INTO usuarios VALUES("15","Marcelo Madureira","103.931.093-10","madureira@gmail.com","123","202cb962ac59075b964b07152d234b70","Cliente","2022-08-08");
INSERT INTO usuarios VALUES("16","Mardoque","111.111.111-11","mardoqueu@gmail.com","123","202cb962ac59075b964b07152d234b70","Cliente","2022-08-08");
INSERT INTO usuarios VALUES("18","Adamastor Pereira","919.191.991-11","pereira@gmail.com","123","202cb962ac59075b964b07152d234b70","Cliente","2022-08-08");


